trial,collision_normal_force_max,collision_normal_damping,collision_force_max_per_contact,collision_force_attack_hz,collision_force_release_hz,collision_force_slew_rate,collision_tangent_gain,collision_tangent_force_max,collision_tangent_force_ratio,collision_tangent_gamma_power,collision_tangent_speed_scale,collision_tangent_velocity_deadband,collision_normal_fade_power,collision_force_scale,collision_force_max,collision_constraint_timeout_sec
0,6.390508031418598,18.44935542656565,6.822107008573151,22.711845940916213,12.896750786116998,103.96623469866529,4.657078506995579,7.242411005474558,0.5836482422254631,1.9586037970644443,0.12292425495074641,0.017280162833328422,2.006502490516044,1.4107159659511932,2.426216349187322,0.10352491091941599
0,6.390508031418598,18.44935542656565,6.822107008573151,22.711845940916213,12.896750786116998,103.96623469866529,4.657078506995579,7.242411005474558,0.5836482422254631,1.9586037970644443,0.12292425495074641,0.017280162833328422,2.006502490516044,1.4107159659511932,2.426216349187322,0.10352491091941599
1,2.1617471795226058,21.150256447602573,8.225254007598803,31.490328002664118,24.550985186888045,123.89061334817407,4.884053941402852,6.4637042340051885,0.20322349164101994,2.59980255331881,0.03863592736317603,0.028506060760338764,1.9002511400251647,0.7975943279886283,3.5873336726277616,0.2890430961472385
2,5.649202657732388,15.073980823978916,2.150318403490841,24.67615842104868,16.85401017717085,100.2014195937184,9.46560674588893,5.772742093724384,0.3117785552582037,2.0925798844983534,0.11069205547054443,0.004626087733990285,2.2335634455250357,1.1047654435417913,3.2622953664430456,0.11481010036681039
0,6.390508031418598,18.44935542656565,6.822107008573151,22.711845940916213,12.896750786116998,103.96623469866529,4.657078506995579,7.242411005474558,0.5836482422254631,1.9586037970644443,0.12292425495074641,0.017280162833328422,2.006502490516044,1.4107159659511932,2.426216349187322,0.10352491091941599
1,2.1617471795226058,21.150256447602573,8.225254007598803,31.490328002664118,24.550985186888045,123.89061334817407,4.884053941402852,6.4637042340051885,0.20322349164101994,2.59980255331881,0.03863592736317603,0.028506060760338764,1.9002511400251647,0.7975943279886283,3.5873336726277616,0.2890430961472385
0,6.390508031418598,18.44935542656565,6.822107008573151,22.711845940916213,12.896750786116998,103.96623469866529,4.657078506995579,7.242411005474558,0.5836482422254631,1.9586037970644443,0.12292425495074641,0.017280162833328422,2.006502490516044,1.4107159659511932,2.426216349187322,0.10352491091941599
1,2.1617471795226058,21.150256447602573,8.225254007598803,31.490328002664118,24.550985186888045,123.89061334817407,4.884053941402852,6.4637042340051885,0.20322349164101994,2.59980255331881,0.03863592736317603,0.028506060760338764,1.9002511400251647,0.7975943279886283,3.5873336726277616,0.2890430961472385
2,5.649202657732388,15.073980823978916,2.150318403490841,24.67615842104868,16.85401017717085,100.2014195937184,9.46560674588893,5.772742093724384,0.3117785552582037,2.0925798844983534,0.11069205547054443,0.004626087733990285,2.2335634455250357,1.1047654435417913,3.2622953664430456,0.11481010036681039
3,4.523426807393471,10.36534773168032,6.561574163343037,19.84224086348265,24.75585059924375,33.265825397243646,2.4843291829009297,2.1291666251949737,0.4438987464594293,1.6332290063494552,0.08062040047131983,0.009599490984043274,1.0656300423846954,0.4324501693971662,5.9379775367916405,0.11730939686412573
4,3.572658893440428,10.480678925202174,8.56794583878348,10.621734446412654,21.59684305747488,32.492793026215196,9.77636491762726,4.280558411533911,0.5895424896856517,2.512113799362615,0.11610426532177923,0.004058070390866658,1.350456013925742,0.4442358734558027,3.7768411851328696,0.11205648411764589
2,4.876063204590288,12.051734937384854,7.581049567418119,9.626087733990285,18.00210102435902,107.18292305036073,2.4986343302014884,1.9024840835839731,0.29194275791588276,1.9092769273565566,0.09412558015432436,0.01484224086348265,2.9732598275362196,0.42245377289763364,3.253260536569008,0.123553569828949,0.0591864995279239,0.017598748076193462,0.016657769321407657,0.005177532696020835
3,3.2717566691641577,4.538628246779018,7.250636715722187,11.730939686412572,8.128229595281123,67.93427218592534,8.299435683555384,1.679708930551429,0.5270752083744618,1.2402460197349077,0.14693973045174144,0.015653582444487942,2.946550502837775,1.025814623694055,6.43558147638981,0.09058070390866658,0.03696841775458458,0.013605896836395067,0.012403504938053624,0.003543460346405173
5,7.422532294369841,8.210183383419793,7.881552176980759,33.97909071817083,9.22381601391912,94.9004534743188,6.1243983470824706,5.005763340536114,0.2503867346882782,3.3818725287924627,0.07812629922029156,0.02585303415672045,2.30880233323026,0.6569243410261604,6.8827869182148635,0.18705655002868585,0.07286619182666969,0.027438186179075758,0.02704338404637132,0.011002910671010956
6,7.802034238557124,13.530460784314151,9.64866907778579,25.38773537920021,12.900956019721773,98.83111783663017,0.6823353839386685,3.1110237167218453,0.4470780918717082,1.72519401802611,0.1003420057698494,0.014576754925535687,1.0115903477116355,0.657938791147237,5.4197894642075894,0.23953564553700674,0.05445951493097473,0.02959602459571401,0.02130258175004222,0.007608439660641661
7,9.172372766808504,10.45392301110162,5.4869194021250145,32.08193058542315,20.9300737699678,111.50551586024763,1.4521554294668606,7.436378296212715,0.4714085847971001,3.4971175164196664,0.039428279605539185,0.026439403548941785,1.073733749755662,1.038671477140613,2.742919897096649,0.30896222191700323,0.06843913752350064,0.0270730221584378,0.015179582430649992,0.0028991709409167945
8,7.579430185156509,12.431481701595583,7.776444795762783,31.39232280007299,24.485951605060603,131.25443451103945,0.6112837997575187,3.5198464513485472,0.47849575309082604,1.4290741931536013,0.08773475880653682,0.004467125685159848,1.15999200726172,0.32222615335273674,6.762186220144524,0.14045966577630264,0.040721100841814156,0.037842438803967725,0.022610360048088318,0.002413906083907002
10,6.647763384709729,14.391365973980417,8.883073988294422,17.485207971710167,14.557719085407076,139.40747553129196,2.218780554740074,3.2675926753396562,0.5166493317588704,2.156333796570057,0.1448766811550311,0.01787144643068051,1.0761770706220424,0.916800512529247,5.609164730618692,0.20350476562622505,0.05377850241204882,0.023137260652537836,0.020647712788061028,0.0074850659669063535
11,6.975402728271129,22.71396007759188,8.856323834083227,20.038304944617085,11.044911499127315,114.62717249422002,1.9778365662330915,3.2510769390987044,0.5409826699259469,1.6384508463617173,0.06483130243638999,0.011939150641583315,0.9345629753542904,0.5253372195312289,3.9457798929613483,0.25559026415253305,0.04994556522533338,0.02864693856162214,0.018817438656505665,0.005360390402605767
12,7.84027709275179,19.71660187971547,9.62236476245952,8.05198295103091,8.144183082394424,132.0152041930177,1.085802757023354,4.645295446602658,0.5728214728886518,1.6206800066397082,0.050665295174073005,0.016216353006085975,0.8384688383542673,0.6680752876491638,2.6147131480830286,0.27285647406794755,0.031128677635305548,0.03103111783322019,0.020549012919696453,0.004008026556883557
13,7.060853008500634,15.96076227815055,9.9547970612554,20.178711519998146,10.973467913633268,118.88549173802804,2.2596005622883384,3.293231916662647,0.5538305226879661,2.3898493371327727,0.13991766820647344,0.01564234586737994,1.416402669545051,1.307273722356367,4.796261324626599,0.13496163803691275,0.035683469520009226,0.016985611153407073,0.013087915391194721,0.0070651858165373714
14,6.83530429952115,24.240997740042214,6.080571977403549,16.83645851166883,8.903763832075935,119.25465207601779,5.348606222539862,2.955684941215522,0.5032812781258296,1.8398558941084049,0.06514261405098724,0.012258736783515254,1.1097293305535008,0.49073871703036875,2.9942930362395694,0.27540349382157414,0.06873075184411069,0.022772860102582122,0.015572261589511832,0.004479720635775333
15,6.7995028198586915,20.425030959129153,9.282304131714262,16.033817860847346,22.823553923533517,138.35978255368684,1.2198952177877098,2.566871887252251,0.5008549010271788,2.5883313316205787,0.12652335249400157,0.017741446790752943,1.0526028539837047,1.1449967897790136,6.622109568514638,0.1815640669353107,0.07062238703862805,0.027174386822852524,0.024876872357720473,0.00417178730577715
17,7.525855293371325,14.809581677706195,7.138530541093457,12.205447340109984,24.490649932372744,139.78076600556034,2.2516472096863467,4.845107359855477,0.3857878031467939,2.351240119847292,0.08522884153118565,0.01306788396024281,0.7800130610644358,1.410022147511644,6.34615123591227,0.19321632822453016,0.05930726004503871,0.021711422172549906,0.021093660404611178,0.008006917865744957
18,5.8059138056348925,22.993671210647236,7.224779245065703,16.587139423095643,22.34980937191662,135.98951937961905,0.9164305997693808,2.4846417372089307,0.4567812108397813,1.9737666807788221,0.12377837705959303,0.02705772823971372,0.8592009705981104,1.4219800879786277,7.353403011103152,0.2979697880823663,0.06542987592010713,0.031118389094756577,0.0259436263750907,0.0054359231924863815
19,2.9570825309039965,9.79884900208718,7.453707430671461,15.62151116952766,22.400885705085145,128.26299082548832,1.940471641190745,4.395188845957812,0.37426683148479595,2.0630890906236026,0.1066302741795156,0.029492988579957823,1.0076761877686944,1.4080355859484592,6.696386116662,0.28685554726630363,0.07211084988382513,0.028245686370597486,0.02068658062753706,0.00368827096388683
20,7.392325730573223,22.73117620393908,3.624697682811149,21.597508013344587,24.817177852306692,130.33076916131128,1.9130455918063567,2.5140945279558298,0.43007702985592994,1.270308713689539,0.08486361331433237,0.0287210031152397,1.2952481146709403,1.2576754606876754,4.677979142068258,0.30515801324297215,0.05967364165059115,0.032145075468947786,0.028885978460437865,0.002878701831845705
21,6.6983011201406555,22.38754089918863,2.9228237544077125,17.256171456645642,18.417050988203794,128.64519786102375,2.750710546971182,3.157704859778379,0.36946314853979645,1.3347557880792573,0.12167043128387836,0.025154437766153604,1.326850388548932,1.3099230211898678,5.714783777894425,0.3210845381090502,0.04525249188824458,0.03456748870682123,0.021418557429972993,0.003575587079717177
22,7.321303705521657,22.950656101680103,4.32102251097951,13.911959403956947,13.106637935520762,143.485396964262,1.2394148556786044,3.620436186431859,0.3134108926822346,1.8504297855041694,0.0858900049823467,0.023769210112149945,1.1243022484377128,1.1060929146262237,6.949234354184874,0.3193047403311652,0.046064466589575956,0.03330029554445221,0.024700290679327747,0.004798534724441103
23,5.3331429534784345,17.76295516329912,4.799680450740503,22.68827514867461,23.62652638523653,102.13643942066399,2.106400191859542,3.3584917114881487,0.4317057185089727,1.1771281849165365,0.132961094928767,0.029115994689542672,1.8319987516343654,1.4641675306278787,4.120053397431271,0.3221773015185152,0.05079250933503178,0.03989074340405159,0.026475779638683458,0.003579006812317059
24,7.202169819701,24.62084770194412,4.098095310519696,13.234003684138587,22.587179443605326,129.57663251344076,3.7989975742837316,1.6897987386772066,0.4112079861148224,1.3564152668712306,0.054772337685047565,0.027724259497650502,1.1101730518093638,1.201939017707619,4.720229631584451,0.31393284880815586,0.059498779251769565,0.02891679603092621,0.028124014308586968,0.003754914854090601
25,6.140900464052091,15.106947498131724,2.197581894719927,25.609300541103547,16.579887865674852,136.49401892886306,7.96310917352414,4.707217356556107,0.342180707651625,1.546035569869132,0.13274119494125702,0.028473272042847653,1.3853531818516858,1.3299712988263135,7.199110002159925,0.331691358011378,0.03921463490781863,0.03347308176482924,0.020708639228268773,0.004137700534264172
26,3.60564016232386,23.049598606782226,7.5695267067332725,11.662521109597623,20.422111035406466,109.38591474501527,3.9917894804868412,1.4025973053681,0.39540974305913656,2.3932392444570976,0.13053329204928574,0.02329973181682306,0.8507516912720483,1.2597653117835772,6.944470826270123,0.31661086018109164,0.06716904116576362,0.03510790767646181,0.02968201289656566,0.005744169859312793
27,6.955161527020297,22.203376325137437,3.5066779652353333,15.203360707170358,24.448397949422088,145.6720185887581,4.112092622745508,1.5302271950171522,0.5795709055294795,2.7218626324090245,0.1450061151881449,0.02237590732249172,1.2423160926738646,1.4225865400275355,7.6194750440848855,0.30809258972660164,0.04247472270577704,0.025245395461192834,0.018020690215851707,0.008879569070623827
28,7.780214754003593,23.308564043979626,6.965692309487899,27.550171282999123,19.286957550226905,136.17071469711723,1.332124362747862,2.470475519643261,0.45951882526541654,1.954599774719892,0.09826528509672647,0.02881469009141993,1.0283953018811558,1.4205311425300096,6.233074025891262,0.31690774197176536,0.07610463013950008,0.0307112536815141,0.02888504624998086,0.008113118032209389
29,8.494185791781828,21.389878970181737,4.063668021055478,29.919166448510197,24.440574117349726,142.78390307287987,2.1244598978128764,1.9059443202363457,0.3257736080194188,1.7154884616472308,0.108708275555915,0.028221618851159657,1.7116243199168535,1.2028926174378625,3.574861603953492,0.271426629584341,0.06857132863779478,0.03713894867784835,0.022226657076737433,0.0036929051057979618
30,9.852924721187225,22.911314606733534,2.0969942574151546,34.12161609692152,20.293194000049947,140.80129441085944,5.293839905357814,1.3068663656933333,0.294839268231755,1.1465912836075187,0.11304032561982387,0.02541962661954533,1.2572353009040196,1.3513473393487323,3.932922102619088,0.1912291938540036,0.05681544769975784,0.03559154441153676,0.023488226138311776,0.0029368639849666482
31,6.949738874167948,24.888623415783517,2.655631243179265,30.42716331378642,20.72062221226257,122.35279895704365,1.3741791202056743,1.2625723134221478,0.363867517013003,2.2020811268772156,0.11026813837090776,0.029836596802031875,1.6036185251930264,0.9375357609400602,3.6474727175223394,0.33409414146650557,0.04808403645812092,0.03634345110331802,0.024284066728361003,0.005932809409625382
32,6.441687818860203,23.764886200024733,7.357886144225349,20.343492444366674,20.995163416410726,138.08233116420746,3.19075345554832,2.62611540947021,0.4794911299112076,1.41585208628404,0.13182113708487836,0.02755382262828694,0.8803075378899331,1.4207090749802445,6.349639581429033,0.2987826300502807,0.054528645623412114,0.029382261039307037,0.01926697328757828,0.0026148279002849812
33,8.257184382179807,24.56431170613225,4.107316378813048,24.32813913846988,21.013180776315473,147.5018642191895,3.5009179429794086,2.6169274809780054,0.4052079255994788,1.8601384122239553,0.07134986778593133,0.025883892022262107,2.406756178257438,1.2746112977978923,2.7946450416069024,0.2391664181155128,0.07079863686730255,0.027830198172522757,0.018743579004867568,0.0028581885994315593
34,8.020803105098684,9.875811433665493,4.139971963769688,32.13672727158939,23.463250686966003,115.11599890522079,1.2892605553898309,3.287791153765377,0.2928291937933205,2.2392211883348856,0.08968014749196834,0.023946508861010653,1.3893407795617976,1.1309501772392583,3.1592028020269964,0.26156260273528675,0.07140559278014429,0.03614873457552096,0.02196495565811797,0.004889039207550624
35,7.822798749707402,16.007179284705185,2.3220994725182225,18.919180642175444,22.417019920619126,102.3742527232777,1.1069896050048778,2.403998294970681,0.43698842369898067,1.2108623647721508,0.08192657343758628,0.029241516032087335,1.9895847743271131,1.2123646426815025,6.977051391944766,0.32039710279851935,0.0695076744620478,0.03193671366435964,0.024500020243639415,0.0035718258147931824
36,8.441963030558043,14.567669590873242,2.226480143525552,18.925452897130448,24.5530855081168,121.74794120942154,0.5383637830604372,1.307169848711074,0.40846675651215464,1.5070989261742462,0.07009507657441426,0.027163144104782332,2.288469159526068,1.3262217812128116,6.287990185493797,0.332220664383863,0.06509625219977938,0.027841046586315827,0.021531137577132868,0.004789766408618932
37,7.925835944024634,15.328734205208406,2.0311730110226733,15.047922202272028,23.695470269049945,71.61058016714252,0.7195409931865901,4.231884191689904,0.40910930549928115,1.270998896948476,0.06725348884937513,0.02444257700977523,1.743447790933395,0.9478510646691434,7.495653670343588,0.2205424912421563,0.0707384482270585,0.033587289729041486,0.028038817534116293,0.004459181193674113
38,4.918194520037886,10.65017172894743,2.4422336225200096,17.129673297996142,24.606094192789456,102.22642274958059,3.0474606838686062,4.5527360735576545,0.3511530682231805,1.480888873659091,0.03258251612139411,0.021011512068149912,1.881872363748936,0.5977645726323921,6.927757970397535,0.19938840937895663,0.06809674416098446,0.030783139714309876,0.02921490335219251,0.005051131644913051
39,8.924034422656824,14.430810479528146,2.00366368093404,10.834652427708779,22.430695278032275,35.32958515603181,2.9353244877678835,3.6819122158524955,0.4162487037029821,1.6616568793426754,0.0725796547336503,0.028700644618455055,1.5434095141833182,0.9436016777651454,6.590084529888757,0.21783459910090178,0.06983664826799621,0.03449050033500916,0.02008130274001549,0.0024864258469389634
40,7.7629033998359676,19.69341322434998,2.7469585496424216,23.50439534589652,21.33270521257534,53.433408467384794,2.096061283687125,3.3739662142222135,0.29336369767669346,1.2908749804677506,0.10851315607516332,0.020248142986578913,2.0422306983038347,0.7184641112701888,7.4381921370210895,0.26292194986351597,0.07797903659261282,0.03687847487238094,0.025047660872994565,0.00703186190407441
41,7.895923206235738,24.386370299358575,3.879360988950701,21.23370845933361,20.597683122305185,84.1922845267884,3.075582757525444,3.532060639642595,0.337793848437322,1.563452071685997,0.09129763554000704,0.024108302362864088,1.3156834491806013,1.390088219359657,4.310121783681868,0.2964862656252333,0.041702924500319045,0.03972654072335635,0.012445290111986541,0.003612125794986769
43,9.235750373952413,10.75769305520776,3.2045288641958196,13.878897745837465,24.126721691295252,87.35246435223766,1.3410106846001915,4.311716812238186,0.4121995169876982,1.4766199148136527,0.04073868928054891,0.02280651804900312,2.1386313005158715,1.2520511328729778,5.952583006154306,0.24301864243012658,0.07730881037350652,0.03346632895917879,0.029234815195329958,0.0052206725918505555
44,9.704344823517909,15.927494133290837,5.829900870360229,20.30714442138856,22.46960260950395,133.8040818969383,4.743418086592565,2.8642838696840522,0.2803274301601273,1.84148257325647,0.13897278481694625,0.0261593573817821,2.175508964940562,0.8476959602346961,4.815177925315243,0.25942570654465097,0.073923118986679,0.034887294492375605,0.01775740081811591,0.006863711310173563
45,8.39901735919439,24.594174550671216,4.448384382664662,14.467135477860907,23.08209507287662,87.86122286406103,0.7692274657318732,3.205948342708724,0.5339743154843438,1.0275287466855627,0.09884979154142612,0.023904057772161223,1.8592722857640345,1.3563103465455992,7.96067761453037,0.23233664580578417,0.07016839165108232,0.0364221084410722,0.025447001016634822,0.0052779276961700886
48,8.003847342756488,11.847221761036646,3.6534884640701613,12.459874682426832,11.336649296910107,109.76271331865118,3.6079123815188745,1.0209178417912046,0.5312223972042358,1.1214260081831795,0.12360222407657978,0.024251306259634977,0.771934155435118,1.0418406499208341,3.9092002232118417,0.3001223242682636,0.056039196138821086,0.03802991234788217,0.02298220512040563,0.0032698269419057947
49,7.04130440284201,13.047604380408393,2.227295671946327,9.415915145311896,19.475864462344006,90.0592663945929,0.528526948281129,2.047082630020225,0.35055383101841153,1.2258610260891156,0.043811136816364914,0.020401162456669248,1.2351644899434935,1.0353607922339532,7.636496182930086,0.1117205511314334,0.07847777666100181,0.03206819622617889,0.029333892484155796,0.006178572169999032
2,4.876063204590288,12.051734937384854,7.581049567418119,9.626087733990285,18.00210102435902,107.18292305036073,2.4986343302014884,1.9024840835839731,0.29194275791588276,1.9092769273565566,0.09412558015432436,0.01484224086348265,2.9732598275362196,0.42245377289763364,3.253260536569008,0.123553569828949,0.0591864995279239,0.017598748076193462,0.016657769321407657,0.005177532696020835
3,3.2717566691641577,4.538628246779018,7.250636715722187,11.730939686412572,8.128229595281123,67.93427218592534,8.299435683555384,1.679708930551429,0.5270752083744618,1.2402460197349077,0.14693973045174144,0.015653582444487942,2.946550502837775,1.025814623694055,6.43558147638981,0.09058070390866658,0.03696841775458458,0.013605896836395067,0.012403504938053624,0.003543460346405173
5,7.422532294369841,8.210183383419793,7.881552176980759,33.97909071817083,9.22381601391912,94.9004534743188,6.1243983470824706,5.005763340536114,0.2503867346882782,3.3818725287924627,0.07812629922029156,0.02585303415672045,2.30880233323026,0.6569243410261604,6.8827869182148635,0.18705655002868585,0.07286619182666969,0.027438186179075758,0.02704338404637132,0.011002910671010956
6,7.802034238557124,13.530460784314151,9.64866907778579,25.38773537920021,12.900956019721773,98.83111783663017,0.6823353839386685,3.1110237167218453,0.4470780918717082,1.72519401802611,0.1003420057698494,0.014576754925535687,1.0115903477116355,0.657938791147237,5.4197894642075894,0.23953564553700674,0.05445951493097473,0.02959602459571401,0.02130258175004222,0.007608439660641661
7,9.172372766808504,10.45392301110162,5.4869194021250145,32.08193058542315,20.9300737699678,111.50551586024763,1.4521554294668606,7.436378296212715,0.4714085847971001,3.4971175164196664,0.039428279605539185,0.026439403548941785,1.073733749755662,1.038671477140613,2.742919897096649,0.30896222191700323,0.06843913752350064,0.0270730221584378,0.015179582430649992,0.0028991709409167945
8,7.579430185156509,12.431481701595583,7.776444795762783,31.39232280007299,24.485951605060603,131.25443451103945,0.6112837997575187,3.5198464513485472,0.47849575309082604,1.4290741931536013,0.08773475880653682,0.004467125685159848,1.15999200726172,0.32222615335273674,6.762186220144524,0.14045966577630264,0.040721100841814156,0.037842438803967725,0.022610360048088318,0.002413906083907002
10,9.25176389912242,15.254469255447173,6.7184208516276644,34.82819410498857,17.44842157197735,71.2492916529871,3.7752971134062654,5.65537580817964,0.5550167389260818,1.9915214277447528,0.061817732472485676,0.018251398293830122,0.7917637833672313,1.1763546432041205,2.925171596684775,0.27556356652594216,0.0661639002421971,0.024661813660958234,0.010918472077404023,0.002832924993643871
11,9.642083089526013,16.766624127308603,5.996403935532274,32.994510139580264,23.130130212145783,144.62998740812014,4.766413711073919,5.298818914693035,0.5105604616622995,3.319258009278928,0.030574329605254226,0.024290916870928915,0.8268344697461176,0.9492718180612856,3.8710172181366675,0.34461000301569344,0.056685940168436436,0.031008999014716633,0.019970170730994694,0.005111893819261434
12,9.979246930992948,3.20645753247506,6.056970303652379,29.435466801641518,20.86833705981073,99.29173523350005,0.7492545891185735,5.795339863972349,0.46766436057886024,3.260151720145896,0.0756360046140692,0.027498877822214142,1.7331354616458277,1.1592633631396936,4.514932355133361,0.244507147951917,0.06461962577971048,0.03711108838788982,0.009043817057374122,0.0029934080376918877
14,6.710004281165248,11.71440813869992,4.642667230008832,33.310149142001556,22.640165435953953,143.0192617235987,7.540129617021525,5.102000388779258,0.5839992533916266,2.556665952507071,0.05141049093142059,0.029379695018916695,1.1206824464890954,0.8074579440809565,4.810735367531159,0.3130676589554256,0.049459466519452065,0.03675811524299858,0.027648403121476102,0.007323111063699022
15,7.465231071783659,12.198005102611548,5.3443343627042905,27.96648186410235,24.38529167070668,95.65804365161388,0.9353508489311716,7.856840251215916,0.3898803408083758,3.0209777264366733,0.026569502240451195,0.027684656494756862,1.2791928980126248,0.777938604142847,4.889104021774086,0.3002079933795137,0.0484752463777918,0.020724282977019268,0.007849958532248505,0.005347579585604256
16,7.777335446426534,9.35850554598471,3.107227303900875,31.12379074464955,15.484219761499181,72.3596009790235,5.930635341019752,6.724213482269695,0.40098508247835646,3.1694995302718914,0.07562489989269144,0.02548564108255109,1.0676461377888513,0.6185112419188113,2.1366455914085796,0.31652739942014824,0.07519032403317957,0.03108190405787655,0.025598426829296826,0.002584848138953983
17,5.536173685213491,6.169567211545168,6.717566319937868,33.53029152230073,12.59096771659432,112.33138030259255,3.1181531526274124,7.326307625557302,0.5445973776915183,3.4883290065611643,0.02690775188213602,0.02217982804536719,1.2156536719980737,1.121640623790599,3.2353513694826876,0.3377577411753636,0.0774176229952479,0.0320067638856152,0.013281832722427007,0.00891361335589581
2,4.876063204590288,12.051734937384854,7.581049567418119,9.626087733990285,18.00210102435902,107.18292305036073,2.4986343302014884,1.9024840835839731,0.29194275791588276,1.9092769273565566,0.09412558015432436,0.01484224086348265,2.9732598275362196,0.42245377289763364,3.253260536569008,0.123553569828949,0.0591864995279239,0.017598748076193462,0.016657769321407657,0.005177532696020835
3,3.2717566691641577,4.538628246779018,7.250636715722187,11.730939686412572,8.128229595281123,67.93427218592534,8.299435683555384,1.679708930551429,0.5270752083744618,1.2402460197349077,0.14693973045174144,0.015653582444487942,2.946550502837775,1.025814623694055,6.43558147638981,0.09058070390866658,0.03696841775458458,0.013605896836395067,0.012403504938053624,0.003543460346405173
5,7.422532294369841,8.210183383419793,7.881552176980759,33.97909071817083,9.22381601391912,94.9004534743188,6.1243983470824706,5.005763340536114,0.2503867346882782,3.3818725287924627,0.07812629922029156,0.02585303415672045,2.30880233323026,0.6569243410261604,6.8827869182148635,0.18705655002868585,0.07286619182666969,0.027438186179075758,0.02704338404637132,0.011002910671010956
6,7.802034238557124,13.530460784314151,9.64866907778579,25.38773537920021,12.900956019721773,98.83111783663017,0.6823353839386685,3.1110237167218453,0.4470780918717082,1.72519401802611,0.1003420057698494,0.014576754925535687,1.0115903477116355,0.657938791147237,5.4197894642075894,0.23953564553700674,0.05445951493097473,0.02959602459571401,0.02130258175004222,0.007608439660641661
7,9.172372766808504,10.45392301110162,5.4869194021250145,32.08193058542315,20.9300737699678,111.50551586024763,1.4521554294668606,7.436378296212715,0.4714085847971001,3.4971175164196664,0.039428279605539185,0.026439403548941785,1.073733749755662,1.038671477140613,2.742919897096649,0.30896222191700323,0.06843913752350064,0.0270730221584378,0.015179582430649992,0.0028991709409167945
8,7.579430185156509,12.431481701595583,7.776444795762783,31.39232280007299,24.485951605060603,131.25443451103945,0.6112837997575187,3.5198464513485472,0.47849575309082604,1.4290741931536013,0.08773475880653682,0.004467125685159848,1.15999200726172,0.32222615335273674,6.762186220144524,0.14045966577630264,0.040721100841814156,0.037842438803967725,0.022610360048088318,0.002413906083907002
13,5.392451318120646,7.678941286823685,6.538308481731175,31.507600439841116,22.632870610105712,140.3397849033024,1.3411687229745444,5.535363005358024,0.333362272414066,1.2165675233597204,0.05581988603172547,0.004728610277763881,1.8093042095427947,0.31763983837791265,6.847542137163069,0.2419883886174048,0.04632074615644332,0.03392793194417226,0.018475396943869644,0.0021138709802350415
14,7.8724495999470765,11.458572042992284,7.740616061557001,27.44454908026004,16.43381701268137,126.2629929940311,0.6267218320969012,7.056036216833265,0.3438288123771305,1.0638147836572596,0.06863801085689522,0.003257431215065263,2.2750510706563096,0.5437396474536408,6.096685390480313,0.22352905555105135,0.046540747400105054,0.03195471950873753,0.020064219292662364,0.0028073225875577673
17,7.480192531081425,11.701106676262345,3.047586690641209,19.069160198582683,21.079482970825218,108.37159074650495,2.8690054287350835,4.015147672721355,0.5016359246330244,1.3098001286112793,0.0840368944381354,0.006883746443680731,1.2737398513061533,0.4967748313739955,7.220562024038201,0.09924905776806944,0.059594072587603686,0.034778152793029746,0.02494188798502986,0.005018334339021086
18,8.574340503399744,10.667885845968364,8.893661476931518,18.480432818601596,10.207444071273398,112.35037545875275,2.1911851355658376,6.622098737905832,0.3355641869091038,1.414298159009969,0.05763831917291799,0.007875195622851747,2.2033566459392158,0.6316055379902924,4.367228673686337,0.18335199835144658,0.07289845399831128,0.02912779505539912,0.02090919767009635,0.004284778679399476
19,8.6595390356549,22.84929405134381,5.591342835002696,33.52235302932395,11.276705173616268,139.61044010237518,1.0058330574318455,6.123164290393489,0.26532349914873543,1.1433606119595792,0.09703910666087262,0.006159925150009273,2.7238865791180302,0.44272318463255356,7.3010783237483174,0.18425048769563834,0.044315093926404446,0.03111256939561452,0.015475912167171117,0.0021449217073296694
20,8.00576155258318,6.151466777507053,9.746265412888524,31.157196495235805,21.07960062174453,115.4096082189185,3.5482384218451934,4.447468649403661,0.48891524569433925,2.227358855516476,0.10482113386099942,0.009480980986885438,2.197515766990571,0.38405573416386735,4.091633029417249,0.10422482251432966,0.0345683553806629,0.033953757247764935,0.02794676711854251,0.004278589432863278
21,6.244628228354143,12.618909341673998,4.447119157782883,30.5185679058278,21.06258266484027,124.51193354782816,1.3525724378009558,6.108519424982267,0.26326181143018207,1.202899536480436,0.05766224502625649,0.006589190824990956,1.2925292026237853,0.4314077569881997,6.457332605480383,0.27881648553237465,0.0585381336889431,0.03601765748407377,0.02215577565159165,0.0031736502507903686
23,5.9280236033946405,12.90380690054153,7.828971479179306,26.25839152870753,21.473339350987484,145.85134543053985,1.0294137595836874,1.066878209156219,0.4681537461986991,1.5225350290086739,0.07206713713824697,0.004342485994583207,0.8282761693427738,0.31406273583825517,6.030725055972493,0.13049604350356409,0.06412006474994761,0.03963722244737882,0.022655621250042685,0.0021461069954729927
25,4.329333375023245,11.615928184256175,5.622532718044793,31.030711283495425,21.231992512901332,70.32057286341795,0.8858383807603876,4.1352702694040975,0.48962211443034165,1.2640943663719755,0.0489681051718556,0.008051647679362527,2.3880705707842482,0.33786607570547206,6.441500024357265,0.15618896604949706,0.04608079982920913,0.030936485572023564,0.017868935090595943,0.004838892068282981
28,8.244496586870023,8.467511134278155,8.467990676074892,25.90853881300767,17.04838470138613,148.78315854882845,1.7023556284808423,7.162251090676064,0.3601418925081555,1.3340323756005856,0.06422108703787113,0.009461328827060755,2.1776280025744676,0.7650076263291858,4.826561567448009,0.24423029599225365,0.04353106146927445,0.03126327344250697,0.027710514735144978,0.0031445228499290723
29,8.81979723102176,19.753359767358347,9.399234867003162,27.694235210510772,24.511710428840868,97.939317619625,1.904235750645956,3.620958894078126,0.3859600798543249,1.033697734997576,0.061750038862782505,0.0033296547333194803,1.2109920401025422,0.4768528762138491,5.291636256673218,0.12950229633600255,0.038006921246514516,0.03575818587676132,0.023641422519893884,0.002210616172012137
30,6.170765532594511,14.460729072297312,7.81857070104945,27.008853605343706,19.974012591567057,145.16304748781573,0.6693286859579373,5.901549909075455,0.44859433438091456,1.825524885687303,0.05391498469298089,0.0032566824205453814,1.7636769140894966,0.5622132318341131,6.452731332060585,0.15397743199991254,0.043130427788512005,0.025240020576038004,0.010672528267139277,0.002925372236049083
31,5.5223930651998385,21.744022424942543,7.390537393840284,21.90022245975584,17.53512048576644,123.55213034665616,2.5544336724083196,7.507769084583519,0.42526422018862103,1.5448600978720153,0.06743951886520243,0.005752473194697745,0.996182141236512,0.5347936786068521,7.522640545158308,0.1305247765148299,0.0444636331045237,0.027156262567015657,0.011512783230604468,0.004944136890918013
32,6.918384067356982,11.915890257431172,7.71398230171969,30.905999258368524,20.57102679848629,133.85203963724214,1.522864712662096,4.093897103402719,0.44106502320671004,2.4909197561258707,0.05259694430560843,0.004738048873324979,1.3412130607503754,0.49851959433116005,6.097701446099918,0.137309108679338,0.039749734679662974,0.02494779975175455,0.010741218620772043,0.004758454225965859
33,6.2429591217662725,21.85638346378762,7.556373855473042,21.786646270053005,18.03693569144194,147.6967003952748,2.5622994563568966,6.148210997111095,0.5175553534072868,1.9577470548213773,0.027928277457726355,0.006599961842459063,2.455642934748332,0.6996276446115123,5.338561845790707,0.13202530475076668,0.048786764752924726,0.017098062955822745,0.008584751247087734,0.0026627305323713127
34,3.0939032966187003,4.9026137012526245,6.871926941001878,29.63301363045273,24.373214604549172,119.76032478174835,2.697202907215494,3.735656015885482,0.32513065189867024,1.8215789970576002,0.07886478859160376,0.007093805469281063,1.9484942059074595,0.3829868813928957,7.205373479207058,0.281935834716585,0.047858217235157756,0.03828098604802873,0.023834499564805243,0.0021248823538268747
35,5.8223862666554345,11.81392650719597,8.196936769794867,28.895367498173844,16.459147093229454,139.8378512577127,1.1839508230144407,5.686978168960865,0.4567025808956584,1.885059503667062,0.07655613429772937,0.007373885561845197,2.2391844408792925,0.4028758470149998,6.847917797065636,0.22940491000802785,0.045028993826274136,0.025920662285594354,0.009767758163709428,0.003705384760620282
36,6.252189730229174,10.509151327563421,7.936788289691601,29.33652403444124,24.080826575345057,149.359430484476,2.4827992135269055,3.616396977681476,0.30108713573936424,1.1708147265750124,0.03844130068965673,0.007129605149071557,1.6434898515517893,0.7896970585909602,6.0744267773035165,0.2317327058956976,0.04046140817520977,0.036582779966326986,0.017682238702499842,0.0030671177170912165
37,7.145986697802991,14.676106140201489,7.466499238848389,24.425040072876293,20.688868732688135,139.23221546695538,4.1254015697335795,4.084916885192029,0.5473133401676744,1.4690199926452292,0.0970749315828601,0.0043441002348801085,1.3787838745269445,0.36332031606670045,6.6246886206494064,0.12924144487307668,0.04274224906324448,0.035980238461634007,0.028636722404747485,0.00402114484937178
38,4.43254966611764,4.024835043934793,5.309085658286871,30.126426186607787,24.667491104224755,132.31782731972234,2.0113262865959864,7.012826792671368,0.22761355136929598,1.2488416850157231,0.05796172775162741,0.0031750704177626876,2.397896815898485,0.5360391427576238,7.482697132366791,0.2520149945173805,0.04664738799066398,0.024810285669011722,0.014780525094892732,0.007680833170805423
39,5.458186409082244,8.235704163664565,9.239114066668428,28.694308778372857,18.74968998358903,147.7855275955485,1.0765675847214122,6.933930943811891,0.40932502591238556,1.7444774756745618,0.052431533694027345,0.004672957523247046,1.0799093554609416,0.8731209429786344,5.717228512037027,0.13202032534286187,0.047145941216145015,0.024342389735280502,0.00761564521460888,0.0032523711268134534
40,5.783595778781065,8.937202757596964,5.503695128348454,33.4155731960995,22.46391519012942,132.77258681957707,2.105921899233499,4.974351525258732,0.25794267972188933,1.1511406307496101,0.06977477710216701,0.005421344687485061,1.8451728320087002,0.43810254159869844,5.92641028414555,0.24269589056336055,0.04883604445898066,0.02786871966007975,0.014486786352618844,0.0032204803610896833
41,3.315308676683905,4.3381140307918455,5.157429308946172,32.27564734383633,23.864084573856626,138.5642879899987,2.283715290356675,7.084507158081602,0.28635742856649676,1.6636728348674636,0.08392791320636211,0.004053726871441353,2.667985659330553,0.5743089453041895,7.193255645587218,0.3417307063368873,0.041457659756684175,0.02327677191450421,0.01592160870909559,0.006189945232329157
42,7.325616318577401,5.839407146689847,2.947876392542711,23.49434807413405,16.553750172170723,105.36959558142675,4.692878123996958,6.6386832771223645,0.3259987479606685,1.0868879803536395,0.044138013451324065,0.0035512583344296947,2.1372490557401265,0.38763714581870234,7.585083438616134,0.17693273159184209,0.04396351646713415,0.025715836454482756,0.01812347497934494,0.0087639867406035
46,8.836179248113718,2.188967712379529,2.8923918096943724,18.700188457596056,13.39977013492233,120.7225932865523,3.7575457602912063,5.201958613470449,0.23034264142694705,1.0925877175616856,0.042008094354375435,0.00462671705041409,2.2078076051414977,0.40408141459035823,7.520992222804692,0.2019442568848863,0.05268602352301065,0.022921248638073752,0.013991486945134182,0.006737999147792744
48,9.273728229480602,3.196423160730384,3.2259823990863152,14.137636740977978,7.143891873862531,133.46470201305561,2.811060767490373,5.972474544516576,0.34094161393255634,1.4405482915205072,0.07818516159203023,0.006753661728030304,2.9051084634195257,0.35525696325801837,6.981694839207237,0.16656176358593985,0.06951200739859911,0.03007253381179494,0.015906327663632626,0.005795957066198301
49,6.800296061478246,2.40109304977209,2.4363589314341794,18.62094383792073,19.565487917785692,91.34177840316582,3.543199465711928,4.714020309833406,0.2423991409059779,1.700260872465743,0.03206133227999399,0.011644279929855703,2.802390554428339,0.388954767198058,7.706500300517143,0.2807561583898822,0.057151150256038626,0.02194676843610948,0.007737573692738354,0.00494371299833417
2,4.876063204590288,12.051734937384854,7.581049567418119,9.626087733990285,18.00210102435902,107.18292305036073,2.4986343302014884,1.9024840835839731,0.29194275791588276,1.9092769273565566,0.09412558015432436,0.01484224086348265,2.9732598275362196,0.42245377289763364,3.253260536569008,0.123553569828949,0.0591864995279239,0.017598748076193462,0.016657769321407657,0.005177532696020835
3,3.2717566691641577,4.538628246779018,7.250636715722187,11.730939686412572,8.128229595281123,67.93427218592534,8.299435683555384,1.679708930551429,0.5270752083744618,1.2402460197349077,0.14693973045174144,0.015653582444487942,2.946550502837775,1.025814623694055,6.43558147638981,0.09058070390866658,0.03696841775458458,0.013605896836395067,0.012403504938053624,0.003543460346405173
5,7.422532294369841,8.210183383419793,7.881552176980759,33.97909071817083,9.22381601391912,94.9004534743188,6.1243983470824706,5.005763340536114,0.2503867346882782,3.3818725287924627,0.07812629922029156,0.02585303415672045,2.30880233323026,0.6569243410261604,6.8827869182148635,0.18705655002868585,0.07286619182666969,0.027438186179075758,0.02704338404637132,0.011002910671010956
2,4.876063204590288,12.051734937384854,7.581049567418119,9.626087733990285,18.00210102435902,107.18292305036073,2.4986343302014884,1.9024840835839731,0.29194275791588276,1.9092769273565566,0.09412558015432436,0.01484224086348265,2.9732598275362196,0.42245377289763364,3.253260536569008,0.123553569828949,0.0591864995279239,0.017598748076193462,0.016657769321407657,0.005177532696020835
3,3.2717566691641577,4.538628246779018,7.250636715722187,11.730939686412572,8.128229595281123,67.93427218592534,8.299435683555384,1.679708930551429,0.5270752083744618,1.2402460197349077,0.14693973045174144,0.015653582444487942,2.946550502837775,1.025814623694055,6.43558147638981,0.09058070390866658,0.03696841775458458,0.013605896836395067,0.012403504938053624,0.003543460346405173
5,7.422532294369841,8.210183383419793,7.881552176980759,33.97909071817083,9.22381601391912,94.9004534743188,6.1243983470824706,5.005763340536114,0.2503867346882782,3.3818725287924627,0.07812629922029156,0.02585303415672045,2.30880233323026,0.6569243410261604,6.8827869182148635,0.18705655002868585,0.07286619182666969,0.027438186179075758,0.02704338404637132,0.011002910671010956
6,7.802034238557124,13.530460784314151,9.64866907778579,25.38773537920021,12.900956019721773,98.83111783663017,0.6823353839386685,3.1110237167218453,0.4470780918717082,1.72519401802611,0.1003420057698494,0.014576754925535687,1.0115903477116355,0.657938791147237,5.4197894642075894,0.23953564553700674,0.05445951493097473,0.02959602459571401,0.02130258175004222,0.007608439660641661
7,9.172372766808504,10.45392301110162,5.4869194021250145,32.08193058542315,20.9300737699678,111.50551586024763,1.4521554294668606,7.436378296212715,0.4714085847971001,3.4971175164196664,0.039428279605539185,0.026439403548941785,1.073733749755662,1.038671477140613,2.742919897096649,0.30896222191700323,0.06843913752350064,0.0270730221584378,0.015179582430649992,0.0028991709409167945
8,7.579430185156509,12.431481701595583,7.776444795762783,31.39232280007299,24.485951605060603,131.25443451103945,0.6112837997575187,3.5198464513485472,0.47849575309082604,1.4290741931536013,0.08773475880653682,0.004467125685159848,1.15999200726172,0.32222615335273674,6.762186220144524,0.14045966577630264,0.040721100841814156,0.037842438803967725,0.022610360048088318,0.002413906083907002
10,6.647763384709729,14.391365973980417,8.883073988294422,17.485207971710167,14.557719085407076,139.40747553129196,2.218780554740074,3.2675926753396562,0.5166493317588704,2.156333796570057,0.1448766811550311,0.01787144643068051,1.0761770706220424,0.916800512529247,5.609164730618692,0.20350476562622505,0.05377850241204882,0.023137260652537836,0.020647712788061028,0.0074850659669063535
11,6.975402728271129,22.71396007759188,8.856323834083227,20.038304944617085,11.044911499127315,114.62717249422002,1.9778365662330915,3.2510769390987044,0.5409826699259469,1.6384508463617173,0.06483130243638999,0.011939150641583315,0.9345629753542904,0.5253372195312289,3.9457798929613483,0.25559026415253305,0.04994556522533338,0.02864693856162214,0.018817438656505665,0.005360390402605767
12,7.84027709275179,19.71660187971547,9.62236476245952,8.05198295103091,8.144183082394424,132.0152041930177,1.085802757023354,4.645295446602658,0.5728214728886518,1.6206800066397082,0.050665295174073005,0.016216353006085975,0.8384688383542673,0.6680752876491638,2.6147131480830286,0.27285647406794755,0.031128677635305548,0.03103111783322019,0.020549012919696453,0.004008026556883557
14,4.261755228581042,9.20170716255997,7.6005564327096815,11.873205459598527,20.303778516328272,137.38599170047124,1.5066651156505784,2.516449686880607,0.43061443371119645,2.14663724819431,0.13244406749313128,0.01932690169400015,1.0750369910007103,0.7556318364019872,6.167754195146713,0.24825250671839763,0.06008355240416417,0.03401831609106694,0.015558076966502042,0.010984161039601351
15,6.7995028198586915,20.425030959129153,9.282304131714262,16.033817860847346,22.823553923533517,138.35978255368684,1.2198952177877098,2.566871887252251,0.5008549010271788,2.5883313316205787,0.12652335249400157,0.017741446790752943,1.0526028539837047,1.1449967897790136,6.622109568514638,0.1815640669353107,0.07062238703862805,0.027174386822852524,0.024876872357720473,0.00417178730577715
17,8.254190162898983,14.269794605300694,7.344628103382532,9.641517536788214,17.12199954468492,138.0915563575615,2.1942415686635637,6.539093959307756,0.43603699597181117,1.582305227180072,0.03194486008876997,0.011786441867620925,0.7573061885863581,1.102947935932733,3.3302456356105656,0.26845907785287537,0.029821006664108096,0.024975420905655826,0.017704693244583236,0.0078868610715586
18,6.770264083196368,14.751747413679405,6.229027331434056,19.424392940816514,10.915717013394197,128.25501153466487,0.6487597090869355,3.1691749467689347,0.5251940205950715,2.4179056734048485,0.12381501321864707,0.02167452142403492,1.3121031352072876,1.3791017182781435,5.918047893388071,0.26906081474170646,0.02838779953344869,0.024064452534128096,0.014988506929769111,0.0036427900537575543
19,5.929527541848069,11.407298026759165,9.663989757568903,15.755063030470955,10.290129649688911,148.47608520019793,1.6366389125117293,2.9497466065480507,0.4307007235822727,2.1468171765987547,0.12156879644016468,0.0139048051161588,0.7876126197956301,0.7478419441239454,6.977115243417771,0.11049201835943227,0.045250494326768205,0.01777601458084797,0.017155412551680238,0.009216648248723307
20,8.796105570462732,21.498271458855918,5.509095881724705,15.754636412678094,19.589431224192758,128.65573800605526,1.9762138730913648,4.138398204638241,0.5032210941638516,1.145909281528898,0.03295756692134552,0.024071365884689222,1.2844292907777222,0.6980164142388895,2.147052109450171,0.29138471859277915,0.03309416866535758,0.0320856824788639,0.027264778147590082,0.0025670716859688358
21,5.32460166966166,13.659849647280181,7.792927515150937,12.399731587814156,6.478755170432104,136.32070748371427,2.5795208783641783,3.509484568638422,0.3700482160456472,1.9805858783976817,0.1434255253456907,0.013096137505571363,1.02689995187377,0.8762141102573191,7.430499024028946,0.16374284080547497,0.0320166879824188,0.0218711461888797,0.011307944643866412,0.008375506347338007
24,4.117234495967067,10.63811427893698,9.907328892884593,17.83151745899285,20.281888243163827,144.21328582895137,1.5206875524886037,3.5204376348082524,0.3617653005907172,2.021706382522469,0.13011554346116444,0.021800459106039588,1.212023537172163,0.6702475630803034,5.810941876617887,0.08361031826536139,0.04004558846773597,0.0164045386587553,0.016402927987394077,0.010807584200900817
25,5.919778508060094,17.60463915919904,8.309643674438776,8.858935040203791,8.78480039118434,122.88945770745462,2.936289521010826,3.078719661011554,0.5574732600469952,1.7298631838163425,0.1264114144428318,0.02780165384295929,1.3592689088948682,1.304726905038658,5.3534206652806935,0.14199577494245202,0.05735882962305758,0.02272314900255637,0.016438352514276427,0.0067641585466944295
26,7.357261602986987,17.333754031073216,8.33928927127828,10.545708775464389,10.081870024974188,128.15365785553104,2.4776530549286595,3.75439918651296,0.49502860730811044,1.8395438241038107,0.11973425466609,0.02863677939718892,0.7064162490714151,1.2893570742494842,6.1398755931953435,0.10810945627657936,0.06831752672625652,0.023357432884377194,0.009611959622836359,0.0048860584688812415
27,4.912110785977558,16.829057449704482,7.056398586090213,9.101891903501981,10.433328591111525,134.69678633828352,1.6753185498276137,4.2424720770554085,0.5914152381087086,1.2303593059232438,0.13524594794743008,0.02987035590813253,1.5410298364247332,1.2760528310001773,6.291429670694498,0.08315770785758567,0.04673157326190357,0.026913931239206053,0.023977542929308645,0.008834380058156783
30,8.338486099031686,23.684877814480956,9.520405732284285,9.897779485933112,7.840946368391279,143.59110244910528,0.6501053753746058,5.087863477969236,0.5855468120175379,2.1402736663857005,0.05008071877406705,0.0064900773576531835,1.0346598528765998,0.8129110177251393,2.9646051364873367,0.18279972380332704,0.031002490444467783,0.022668908359063863,0.012594377367272182,0.0035559639737254836
32,6.978468370886311,5.568467913936475,9.554826456138045,13.907134765106203,11.494845885942908,122.94582623680516,1.9647857809419178,5.49454574110068,0.3355007008846316,2.125174607559544,0.11759175766809524,0.019138215043604256,0.8732069187544196,0.9937563811908486,7.403940972459372,0.1082122837288591,0.04413623935604418,0.028909871865187807,0.02665204797593662,0.01066825730201799
34,7.306640796192163,15.443440172071487,9.375832380406543,9.56533487346232,11.029665728943963,131.16990703274408,2.0335600228371478,5.997358884661575,0.5549805567532619,1.3815180728313607,0.047697453337992336,0.017421367898177498,0.7637284758980933,0.5136795818119841,2.3822887456160164,0.26598825793327663,0.036537305801639997,0.03644210173223796,0.013665092149583797,0.003710534521504732
35,5.579081323515151,14.807712320283795,8.544881351194846,13.544785694720215,6.694192739513419,130.37674400235457,2.2100492846223436,3.053754263610426,0.5329710504672653,1.8011395869194569,0.13721853135466452,0.026485381391313147,1.8543241740187564,1.024336671859138,5.914881026388197,0.21855904109934343,0.058646988500152146,0.02348741257544221,0.014666427050958799,0.006361679949867525
36,6.58046149404729,15.767727953201748,9.314082907478543,21.03233284035698,4.738053894872966,139.94093549621604,3.057764920252506,3.34967580023996,0.5298421931537618,1.3570186370217694,0.09653456040400946,0.013457687581345667,0.7237649528077756,1.0579486807370215,7.27212316657493,0.09764641650118257,0.058403137869300605,0.025081854908581277,0.019287695726042255,0.010472980119883518
40,5.943986910149577,10.569197181367521,8.92173735301343,21.81690472896804,9.014801178581232,146.17866422822306,2.865142960650193,3.7286126553674626,0.5147711941300115,2.227783767190269,0.11495572177901159,0.01175602169386639,0.8828687812293848,0.789252940271918,3.6518952372081106,0.10065652592955457,0.06219159901088043,0.020523844695466864,0.011030023699650704,0.005560404952712011
41,7.062255367082679,20.246761781822816,8.074242942375477,13.318275548238574,18.373643769651952,139.9938532547712,2.2563401807831047,7.052774158133914,0.4986357415425737,1.6501391496900868,0.06387206382643229,0.006556938077865577,0.7435714470308236,0.6907810687376682,3.427427743090769,0.3008500942532768,0.02682585598915576,0.019755691389384045,0.019215699729623423,0.01266406459754408
43,8.973430913227958,10.524988188065302,6.416495928100723,15.637523681935395,15.593456052144454,121.69184561569638,4.383346115550587,6.022647682469053,0.49102386098751927,1.212456277281291,0.041667872175749056,0.018600893134243606,0.7034744300244861,1.1265468771775775,2.3544104522870706,0.3437478717677323,0.0379964770295113,0.026276983198049587,0.0126594151659056,0.009321498447729552
45,9.165230835955354,14.171815449653888,8.567783045119823,16.726161067637406,21.462304881213655,140.8377145370707,0.768291232264495,6.821298290748716,0.3909051948026579,1.7881967079414014,0.039971464486951415,0.007322919692371418,1.0509602191185703,1.2463491307912358,2.8623868827468244,0.24089686265399954,0.03788222500220162,0.024394392753750355,0.02034236904846033,0.004625855860975728
49,7.986209820381639,13.319596404909285,7.873043802925985,14.61119761810825,13.390543433936594,128.50001819251426,4.869117747158546,6.680895664015688,0.2377727163643221,1.9735477006281605,0.06483902944440173,0.017642611675155677,1.0607318716184384,0.8934514186402804,4.968081635827378,0.25966028155014526,0.027198653878172385,0.024575207291595996,0.024372770796027593,0.0070591077239813855
