trial,cost,best_cost_so_far,improvement,relative_improvement,is_best,safety_fail,fail_reason,fail_rate_so_far,J_approach,J_near,J_tracking,rmse,ramp_lag,overshoot,arrival_jitter,rise_time,settling_time,final_error,max_feedback_vel,max_joint_vel_ratio,vel_violation,exploration_distance,trial_duration_sec
0,33.11042173807038,33.11042173807038,0.0,0.0,True,False,,0.0,4.676889660495946,0.13393354415893627,0.33666994906375247,0.0074178585155583315,0.007358313447379026,1.3877787807814457e-17,7.076311083754596e-18,2.3274073600769043,0.06696677207946777,3.4364046000302466e-18,0.3424358113523785,0.0,0.0,0.0,28.486263751983643
1,44.16261177839242,33.11042173807038,0.0,0.0,False,False,,0.0,4.716068884727856,0.21644428780605032,0.43460923470787005,0.010408784324022891,0.009794758756127963,2.647123918814165e-06,1.7554167342883506e-17,2.3433423042297363,0.10815596580505371,4.361979187436583e-16,0.6096397036952784,0.0,0.0,0.7373482617582026,28.059033155441284
2,28.397254987134104,28.397254987134104,4.713166750936274,0.142346925938339,True,False,,0.0,4.665020674832474,0.07078027725219802,0.29619730558834584,0.00626481471377871,0.006173680347803711,1.3877787807814457e-17,3.362321931872835e-17,2.3232498168945312,0.03539013862609863,1.0136227369433108e-17,0.3595196122102289,0.0,0.0,1.3159219746176036,26.217273950576782
3,37.258911990698074,28.397254987134104,0.0,0.0,False,False,,0.0,4.725988883011571,0.1457138061523452,0.3728613682378302,0.00845185456088189,0.008378352798697277,2.7755575615628914e-17,2.8710590662641146e-17,2.3504269123077393,0.07285690307617188,9.25185853854297e-18,0.3384223433503782,0.0,0.0,1.5188670095165995,25.102660417556763
4,47.97884941453487,28.397254987134104,0.0,0.0,False,False,,0.0,4.758510238520586,0.24751663208007882,0.4645541367083985,0.011139245653495554,0.011016251839625596,1.3877787807814457e-17,2.7755575615628914e-17,2.3627307415008545,0.12375831604003906,0.0,0.3382250361240173,0.0,0.0,1.3591620541714542,27.429853916168213
5,40.614541396321016,28.397254987134104,0.0,0.0,False,False,,0.0,4.683701438275913,0.2261948585510261,0.40113189804403493,0.009309376540876631,0.009195302118175184,1.3877787807814457e-17,7.076311083754596e-18,2.3280577659606934,0.1130974292755127,5.6315660669392e-18,0.34563301867276247,0.0,0.0,0.6859770128362885,26.960611820220947
6,1000000000.0,28.397254987134104,0.0,0.0,False,True,"Constraints violated: overshoot=0.0056, vel_ratio=0.00",0.14285714285714285,,,,,,,,,,,,,,0.8235541418725107,25.250035285949707
7,34.81771478522308,28.397254987134104,0.0,0.0,False,False,,0.125,4.662167030024682,0.05970574738523134,0.2996121804537876,0.006332607231127232,0.00628915013477336,0.00012129809894974308,3.0277758396689876e-17,2.3216497898101807,0.02682042121887207,1.0177044392397268e-17,0.3386296596673908,0.0,0.0,0.7526425708761977,28.16232204437256
8,42.54651223844485,28.397254987134104,0.0,0.0,False,False,,0.1111111111111111,4.665739196114421,0.06849187383733626,0.27736930434986407,0.00567885767435875,0.005640075462619519,0.000327919675843405,2.7755575615628914e-17,2.3244094848632812,0.026047945022583008,0.0,0.33819905756155655,0.0,0.0,0.9981956196260741,25.358811378479004
9,42.89052218454485,28.397254987134104,0.0,0.0,False,False,,0.1,4.6803682191872245,0.09932807984031672,0.3368727932779869,0.007427132252962775,0.007330508487212841,0.00019673425000457656,2.7755575615628914e-17,2.329188346862793,0.044745683670043945,0.0,0.4769031464575914,0.0,0.0,1.2072123669351116,28.12014627456665
10,30.166445601457912,28.397254987134104,0.0,0.0,False,False,,0.09090909090909091,4.674020906764297,0.07152462005615304,0.311824144257445,0.0066940213523578405,0.006626016722132242,1.3877787807814457e-17,2.7755575615628914e-17,2.32707142829895,0.03576231002807617,4.0817022964160166e-19,0.330935507351076,0.0,0.0,1.1042455290566444,25.143983602523804
11,23.72510097273384,23.72510097273384,4.672154014400263,0.16452836784812716,True,False,,0.08333333333333333,4.621415699671881,0.08104610443115248,0.254798959316192,0.005111724024529603,0.0050031626062845055,0.0,1.3877787807814457e-17,2.3032031059265137,0.04052305221557617,2.7755575615628914e-17,0.3372467222914902,0.0,0.0,0.22331471793449648,25.13453698158264
12,1000000000.0,23.72510097273384,0.0,0.0,False,True,"Constraints violated: overshoot=0.0023, vel_ratio=0.00",0.15384615384615385,,,,,,,,,,,,,,0.48935915661640594,28.118096113204956
13,70.96506105362204,23.72510097273384,0.0,0.0,False,False,,0.14285714285714285,4.668243013696059,0.09400339922442442,0.2902876173917617,0.00551387962754153,0.005466011787846487,0.0007639660881873095,0.00036454860560627695,2.3259224891662598,0.02711796760559082,0.000313831920775461,0.33809827772993284,0.0,0.0,0.7134426530860491,25.200709581375122
14,36.598839456179455,23.72510097273384,0.0,0.0,False,False,,0.13333333333333333,4.713708059528196,0.17454624176025477,0.36706241769379894,0.008287151748200978,0.00821022740295332,1.3877787807814457e-17,2.6694457840969112e-17,2.344538688659668,0.08727312088012695,3.5587594477464796e-17,0.3398125093541198,0.0,0.0,0.9258988949770581,26.381951808929443
15,53.28419903348199,23.72510097273384,0.0,0.0,False,False,,0.125,4.606400011578693,0.04734258024876029,0.21836992200317462,0.004060980915092481,0.003937879734401722,0.000676675671137314,1.612453231855972e-17,2.297293186187744,0.006754398345947266,1.2076344198146234e-17,0.3653498627248602,0.0,0.0,1.0801729648501575,27.150447368621826
16,40.23803306416763,23.72510097273384,0.0,0.0,False,False,,0.11764705882352941,4.688413401998835,0.14051529164164028,0.37124440640205164,0.008433341265684102,0.00832470938820222,6.311344982834477e-05,1.5885369714405063e-15,2.3317196369171143,0.0686798095703125,1.919610775621729e-12,0.35310675495694677,0.0,0.0,0.6550242379059067,24.39667296409607
17,36.856302020331604,23.72510097273384,0.0,0.0,False,False,,0.1111111111111111,4.7293667440933715,0.24703359603991262,0.367362646617285,0.008360827765097957,0.008241323806270294,0.0,3.4886357178336655e-15,2.3523213863372803,0.12351679801940918,2.1885026859519166e-13,0.346944261876036,0.0,0.0,0.8687458255314457,24.470655918121338
18,34.3093282149924,23.72510097273384,0.0,0.0,False,False,,0.10526315789473684,4.676279716981,0.15492199809989035,0.34676746116990975,0.0077099315782625,0.007631677154880948,1.1728111155295817e-06,9.889946841496567e-16,2.3266923427581787,0.07743167877197266,3.3713862338319895e-14,0.3823657018445906,0.0,0.0,0.9028482383030404,28.3623046875
19,32.99886201632265,23.72510097273384,0.0,0.0,False,False,,0.1,4.686882596584209,0.1034665107727072,0.33639183761530955,0.0073933026625483764,0.007330928038242393,4.163336342344337e-17,2.803175729971263e-17,2.332444906234741,0.05173325538635254,9.480864938011857e-18,0.3544478902013416,0.0,0.0,0.9758560194478167,26.52799892425537
20,31.04852787076906,23.72510097273384,0.0,0.0,False,False,,0.09523809523809523,4.690496551976006,0.12594652175903448,0.3191261776126792,0.006904923242294292,0.006836609040829929,1.3877787807814457e-17,1.3668035872266427e-17,2.334993362426758,0.0629732608795166,1.1816730212594489e-16,0.33734239893042023,0.0,0.0,0.6700987619597751,25.06612730026245
21,1000000000.0,23.72510097273384,0.0,0.0,False,True,"Constraints violated: overshoot=0.0020, vel_ratio=0.00",0.13636363636363635,,,,,,,,,,,,,,0.7097939930623206,25.175301790237427
22,28.65221678815037,23.72510097273384,0.0,0.0,False,False,,0.13043478260869565,4.66959842983338,0.0920667648315444,0.28123092845296943,0.006310279971856264,0.006248742154746633,2.7755575615628914e-17,2.796296760755585e-17,2.3254261016845703,0.046033382415771484,8.244230380879875e-18,0.38886241430129387,0.0,0.0,0.46828040620827394,25.36169409751892
23,28.898352025056262,23.72510097273384,0.0,0.0,False,False,,0.125,4.632318105021202,0.07921504974365445,0.30104671576954145,0.006387114491088292,0.006312239739326597,4.163336342344337e-17,8.092071311423672e-18,2.3066906929016113,0.03960752487182617,5.7709612666159124e-18,0.342162132783771,0.0,0.0,0.2856567608306229,27.759652137756348
24,1000000000.0,23.72510097273384,0.0,0.0,False,True,"Constraints violated: overshoot=0.0017, vel_ratio=0.00",0.16,,,,,,,,,,,,,,0.5049696692678054,27.329110622406006
25,32.93419763340475,23.72510097273384,0.0,0.0,False,False,,0.15384615384615385,4.674238589403091,0.1159982681274414,0.3359793372431391,0.007385982061872956,0.007307498652755474,0.0,2.7755575615628914e-17,2.326158046722412,0.0579991340637207,0.0,0.33889109399057715,0.0,0.0,0.36288971844364676,26.34885883331299
26,31.234058177382646,23.72510097273384,0.0,0.0,False,False,,0.14814814814814814,4.705057051250726,0.08830881118774873,0.3205928335982709,0.006952169015829537,0.006886133375893221,1.3877787807814457e-17,1.4288057044435642e-17,2.3421993255615234,0.04415440559387207,7.812782324280495e-16,0.33723698005196906,0.0,0.0,0.5975827674011903,28.262904405593872
27,31.787292673255074,23.72510097273384,0.0,0.0,False,False,,0.14285714285714285,4.675441681912969,0.07621065107779793,0.30296080807063985,0.006430785537663539,0.006379107492311363,5.276984528641837e-05,2.943923360032078e-17,2.3281521797180176,0.03678607940673828,9.013825284881429e-17,0.3845759033286051,0.0,0.0,1.1355396365104018,25.210586309432983
28,1000000000.0,23.72510097273384,0.0,0.0,False,True,"Constraints violated: overshoot=0.0012, vel_ratio=0.00",0.1724137931034483,,,,,,,,,,,,,,0.7581726156344923,25.266113758087158
29,53.240843144816964,23.72510097273384,0.0,0.0,False,False,,0.16666666666666666,4.629403644268142,0.08562461975776352,0.2817763545087937,0.00581219377576261,0.005764025272404799,0.0005319961793349565,3.078242246215395e-17,2.306055784225464,0.029512405395507812,1.3200822548896678e-17,0.35713589643876686,0.0,0.0,0.6435823248867004,29.12994694709778
30,1000000000.0,23.72510097273384,0.0,0.0,False,True,"Constraints violated: overshoot=0.0026, vel_ratio=0.00",0.1935483870967742,,,,,,,,,,,,,,0.7597553187826046,25.259296894073486
31,29.386826686470197,23.72510097273384,0.0,0.0,False,False,,0.1875,4.66570440775937,0.0821714401245131,0.3040807435715825,0.006529159330907234,0.006401273431996998,2.7755575615628914e-17,2.7755575615628914e-17,2.3232502937316895,0.04108572006225586,2.6433881538694206e-19,0.46916442183893964,0.0,0.0,0.7576358158513463,25.390007495880127
32,1000000000.0,23.72510097273384,0.0,0.0,False,True,"Constraints violated: overshoot=0.0026, vel_ratio=0.00",0.21212121212121213,,,,,,,,,,,,,,0.5464579614226321,25.619481325149536
33,41.41488979294853,23.72510097273384,0.0,0.0,False,False,,0.20588235294117646,4.659984433797165,0.07102810226573815,0.2830575998243002,0.005856063870239843,0.005787638871922844,0.0002923462555198403,1.1015152586160387e-17,2.3213107585906982,0.028205394744873047,8.00907157067899e-18,0.34534827545014257,0.0,0.0,0.45294455423857993,26.13008189201355
34,1000000000.0,23.72510097273384,0.0,0.0,False,True,"Constraints violated: overshoot=0.0017, vel_ratio=0.00",0.22857142857142856,,,,,,,,,,,,,,0.28636780448984217,25.745712518692017
35,55.80029809046187,23.72510097273384,0.0,0.0,False,False,,0.2222222222222222,4.81441228184993,0.46507787704469045,0.5303981330974162,0.013099089945215798,0.012893890652043584,0.0,2.1000903724951386e-17,2.3878653049468994,0.23253893852233887,2.5450358842823476e-15,0.3261008089788996,0.0,0.0,1.40213910033724,25.079214334487915
36,32.1066193734757,23.72510097273384,0.0,0.0,False,False,,0.21621621621621623,4.675987536965831,0.09400191847063724,0.32816666149674745,0.00717465115606236,0.0071000441110876415,3.844387486823253e-07,2.7755575615628914e-17,2.327343702316284,0.04699134826660156,0.0,0.321441374407137,0.0,0.0,1.257635800909551,28.117748498916626
37,36.33713250075586,23.72510097273384,0.0,0.0,False,False,,0.21052631578947367,4.721345282561894,0.19124507906726082,0.36452210000337815,0.00822762414582545,0.008131774586874857,5.346695308716676e-13,2.7755575615628914e-17,2.3484749794006348,0.09562253952026367,1.3808744087377569e-19,0.34361575900284935,0.0,0.0,1.254172424322061,28.073621034622192
38,39.48375185777537,23.72510097273384,0.0,0.0,False,False,,0.20512820512820512,4.735024843817948,0.3309679031372085,0.3895625000419854,0.00902242948636249,0.008871050081650036,2.7755575615628914e-17,2.8911132732289483e-17,2.354205846786499,0.16548395156860352,1.0956148269327203e-17,0.5238127092143381,0.0,0.0,1.1615894025514821,28.246017694473267
39,27.65738327192959,23.72510097273384,0.0,0.0,False,False,,0.2,4.649664711549772,0.11870336532592847,0.289968453554599,0.0060597738121685235,0.006002370382313104,1.3877787807814457e-17,2.76860997228956e-17,2.315828800201416,0.05935168266296387,9.298117831235687e-18,0.37279561553023666,0.0,0.0,1.2985691112900777,28.04781460762024
40,28.600851401571248,23.72510097273384,0.0,0.0,False,False,,0.1951219512195122,4.677828907422979,0.18595981597900538,0.2974004652693397,0.0062839860467661275,0.006222764469769092,1.3877787807814457e-17,1.798766884999431e-17,2.329580307006836,0.09297990798950195,1.5604049218054792e-16,0.347131897920981,0.0,0.0,0.2503550480336441,31.2025043964386
41,34.877385249945725,23.72510097273384,0.0,0.0,False,False,,0.19047619047619047,4.719220262282552,0.18463802337649296,0.3516396315697717,0.007854803559963689,0.007776770827989493,1.3877787807814457e-17,7.50940934905391e-17,2.347944974899292,0.09231901168823242,5.48388195695006e-15,0.3492399348047106,0.0,0.0,0.2753877224545711,25.355916500091553
42,28.807180871687315,23.72510097273384,0.0,0.0,False,False,,0.18604651162790697,4.673958547729749,0.14670705795288155,0.3000261638614413,0.0063391528416613645,0.006282093729740753,1.3877787807814457e-17,2.7755575615628914e-17,2.3275561332702637,0.07335352897644043,1.09923071745065e-18,0.3748450954121721,0.0,0.0,0.3274866250859689,24.352387189865112
43,65.18913463404544,23.72510097273384,0.0,0.0,False,False,,0.18181818181818182,4.6328165837762585,0.060067079088493236,0.2554283622570793,0.0050752550161344626,0.0050280196348106414,0.0008302001480531285,1.0239512985120001e-16,2.308866262435913,0.009278535842895508,9.159873714227073e-15,0.35287051853396056,0.0,0.0,0.482719747982607,25.155044317245483
44,41.32573405465803,23.72510097273384,0.0,0.0,False,False,,0.17777777777777778,4.6409715655634205,0.06763827279827635,0.2710800077419968,0.005566221627975239,0.005428759362611566,0.000316827193026073,2.96997628699179e-17,2.312342643737793,0.025898456573486328,8.326672684688674e-18,0.40036076362218564,0.0,0.0,0.8036906435706304,25.199387788772583
45,65.63884723452588,23.72510097273384,0.0,0.0,False,False,,0.17391304347826086,4.633168559755835,0.12308528059781224,0.2999477792266708,0.006359526855135713,0.006265435445955553,0.0007377008664728457,2.581417751465236e-17,2.3071861267089844,0.04310011863708496,6.870865532300295e-18,0.37159399518431485,0.0,0.0,1.2027884817438226,28.10782217979431
46,41.018510943442614,23.72510097273384,0.0,0.0,False,False,,0.1702127659574468,4.736388738906611,0.17582082749400846,0.4051396086532264,0.009413338293803563,0.009286263239459549,0.0,6.415753671499898e-14,2.354264974594116,0.08791041374206543,1.975518964585871e-12,0.4119996484332859,0.0,0.0,1.210076359751726,27.36247420310974
47,32.699887034408086,23.72510097273384,0.0,0.0,False,False,,0.16666666666666666,4.677473449971263,0.18168640136718933,0.3335926269839126,0.007308824946378158,0.007249800452253509,0.0,1.3877787807814457e-17,2.327862024307251,0.09084320068359375,3.6863715963281895e-16,0.5413483558644187,0.0,0.0,0.41821282088478484,26.116610527038574
48,36.940361462016284,23.72510097273384,0.0,0.0,False,False,,0.16326530612244897,4.698164560539883,0.2507066726684585,0.37359269098764836,0.00837326904787097,0.008281740262561963,2.7755575615628914e-17,3.2899432042903515e-17,2.3366596698760986,0.12535333633422852,1.4151241754766465e-17,0.4468803125286043,0.0,0.0,1.2945010574176108,28.114559173583984
49,41.00333900924747,23.72510097273384,0.0,0.0,False,False,,0.16,4.712196588794567,0.29726315523603514,0.4046335205144863,0.009389319725610617,0.009281396958622094,1.9473649082168976e-10,1.6397546772159529e-12,2.3421761989593506,0.14863157272338867,1.0486643132077156e-11,0.36265563532046685,0.0,0.0,0.8584648951604865,24.378532886505127
50,42.01850613279518,23.72510097273384,0.0,0.0,False,False,,0.1568627450980392,4.744595579460954,0.2814126014709487,0.41245195139619334,0.009641900873565798,0.00952849525732984,2.7755575615628914e-17,1.6243534171511177e-17,2.3580050468444824,0.14070630073547363,1.179947175930118e-17,0.3506875654464065,0.0,0.0,1.2877090479193667,25.34343123435974
51,32.55063316212664,23.72510097273384,0.0,0.0,False,False,,0.15384615384615385,4.675060327024165,0.10853052139282296,0.33255365249269797,0.0072843015339286174,0.007218856007159864,1.3877787807814457e-17,2.7755575615628914e-17,2.3267018795013428,0.05426526069641113,0.0,0.3384942804292402,0.0,0.0,1.3778382709964319,28.36577558517456
52,31.0642424791399,23.72510097273384,0.0,0.0,False,False,,0.1509433962264151,4.676604725754709,0.07005310058593751,0.3194853981742023,0.006917241063035243,0.006851347895612496,0.0,2.7755575615628914e-17,2.3280253410339355,0.03502655029296875,3.1140401910217806e-18,0.368711001049994,0.0,0.0,0.3219696049016392,26.46480131149292
53,31.20501505857875,23.72510097273384,0.0,0.0,False,False,,0.14814814814814814,4.675171610715865,0.10985040664672976,0.3202472258945298,0.006953520851006943,0.00687607030169128,1.3877787807814457e-17,7.726825239126631e-18,2.3272716999053955,0.05492520332336426,1.1224083992856766e-16,0.3602887369599042,0.0,0.0,0.3348280256465118,28.10940647125244
54,69.85487377650342,23.72510097273384,0.0,0.0,False,False,,0.14545454545454545,4.762868380896368,0.1555746956604587,0.44203418043282816,0.00992469683021683,0.009827923891318705,0.000413522433749966,0.00030283815737108984,2.366692304611206,0.06670904159545898,0.00029609815640848844,0.49252096913820176,0.0,0.0,1.28942880140853,27.255556344985962
55,46.55975950298343,23.72510097273384,0.0,0.0,False,False,,0.14285714285714285,4.673004338677263,0.12374748763836262,0.318425090125136,0.0068767294458469625,0.006801667986821909,0.0003131894225670562,1.3738309013483032e-17,2.3262996673583984,0.05404400825500488,7.472654973438553e-18,0.35459304672397596,0.0,0.0,1.4315928869907941,25.73976421356201
56,78.59849941789018,23.72510097273384,0.0,0.0,False,False,,0.14035087719298245,4.651190652427528,0.1426558146597837,0.3231510619190187,0.006622485299714309,0.006480181872001446,0.0008334615496035647,0.00035982929798413274,2.3158750534057617,0.04968905448913574,0.00032092564026679505,0.4239209397186553,0.0,0.0,1.3953001824157023,28.10019850730896
57,1000000000.0,23.72510097273384,0.0,0.0,False,True,"Constraints violated: overshoot=0.0018, vel_ratio=0.00",0.15517241379310345,,,,,,,,,,,,,,0.8684931229059032,26.40711808204651
58,33.27938468010749,23.72510097273384,0.0,0.0,False,False,,0.15254237288135594,4.635846371066605,0.08135146313882606,0.2976881314424068,0.006285764535130984,0.006232657237859284,9.482749580874694e-05,3.245741332238011e-17,2.3085741996765137,0.038305044174194336,6.97209435320822e-18,0.33092260979740024,0.0,0.0,1.2791756860657555,28.174823760986328
59,46.40100311976779,23.72510097273384,0.0,0.0,False,False,,0.15,4.778355758245329,0.2606682088101028,0.41754638255639465,0.009794160777321896,0.009638044852528182,7.692199175381165e-05,1.9626155733547188e-18,2.374720811843872,0.12841105461120605,2.2136763966611354e-17,0.5011561601031733,0.0,0.0,1.1054632169669243,31.221646070480347
60,1000000000.0,23.72510097273384,0.0,0.0,False,True,"Constraints violated: overshoot=0.0019, vel_ratio=0.00",0.16393442622950818,,,,,,,,,,,,,,1.403264581927747,28.140268087387085
61,1000000000.0,23.72510097273384,0.0,0.0,False,True,"Constraints violated: overshoot=0.0012, vel_ratio=0.00",0.1774193548387097,,,,,,,,,,,,,,0.4275132045455877,24.543479681015015
62,54.526250986732094,23.72510097273384,0.0,0.0,False,False,,0.1746031746031746,4.808062093013367,0.49228763580322416,0.5184020327287431,0.012784913277914943,0.012566254057434388,1.3877787807814457e-17,1.6302709355362947e-17,2.3851816654205322,0.24614381790161133,1.682681771697503e-16,0.3378228405979885,0.0,0.0,1.2865944601076822,28.10499358177185
63,38.89338553151694,23.72510097273384,0.0,0.0,False,False,,0.171875,4.62721174345397,0.0688821661519232,0.26688859879962273,0.005385729020205739,0.005351124160763644,0.0002786767245277211,2.950458159105176e-17,2.30557918548584,0.027474164962768555,9.117773632187276e-18,0.35698364093247,0.0,0.0,1.10597783649265,29.1304669380188
64,40.63863072515,23.72510097273384,0.0,0.0,False,False,,0.16923076923076924,4.741501403293582,0.15250825881958205,0.40290052392942494,0.009305734476855926,0.00920774951298105,0.0,1.3877787807814457e-17,2.3569390773773193,0.07625412940979004,3.937229945865799e-16,0.4467813639863364,0.0,0.0,1.2027481130751525,27.1269850730896
65,1000000000.0,23.72510097273384,0.0,0.0,False,True,"Constraints violated: overshoot=0.0011, vel_ratio=0.00",0.18181818181818182,,,,,,,,,,,,,,0.8694591331615543,26.137459754943848
66,31.70766428666134,23.72510097273384,0.0,0.0,False,False,,0.1791044776119403,4.647232283036787,0.0890937862788182,0.30764896260499164,0.006616694017679292,0.006496664179986727,3.933155138202693e-05,2.387624894196368e-17,2.313871145248413,0.0435636043548584,1.1211611825032369e-17,0.35043543849112835,0.0,0.0,0.5542694991400015,29.241219758987427
67,85.85982203002165,23.72510097273384,0.0,0.0,False,False,,0.17647058823529413,4.690808517660648,0.13839287820751717,0.3272310107191424,0.006639743264928311,0.006531153429200371,0.0009786201901232777,0.00035198279271752024,2.3356075286865234,0.043951988220214844,0.0003115784521847182,0.33650526417542903,0.0,0.0,0.707515012691607,25.379558801651
68,45.717065563051726,23.72510097273384,0.0,0.0,False,False,,0.17391304347826086,4.768539175467124,0.3434176445007341,0.4435231842485177,0.010576278477555916,0.010419920112169674,2.7755575615628914e-17,4.1401420875431797e-17,2.3686397075653076,0.1717088222503662,5.3792948931242704e-17,0.3475658603439962,0.0,0.0,1.0970401929446598,28.362584114074707
69,37.02647147759323,23.72510097273384,0.0,0.0,False,False,,0.17142857142857143,4.689589108607845,0.10016918009513481,0.3686062365774904,0.008218721065647862,0.00815473847312288,1.4619792698594702e-05,2.7755575615628914e-17,2.3325624465942383,0.04971909523010254,0.0,0.7543346837220213,0.0,0.0,0.9961641314653762,31.05895757675171
70,79.68517549931664,23.72510097273384,0.0,0.0,False,False,,0.16901408450704225,4.671302493586697,0.12577792113413,0.30809934875372513,0.006590237665869576,0.00649998458708577,0.0009995595823505676,9.910722837601152e-18,2.3259012699127197,0.03789997100830078,1.0425264987333787e-17,0.35297382782087416,0.0,0.0,1.6930353714754203,26.12620449066162
71,25.479121829011145,23.72510097273384,0.0,0.0,False,False,,0.16666666666666666,4.6638140807846575,0.04951620101928785,0.27046966487675855,0.005545402535950499,0.005438967886878102,1.3877787807814457e-17,2.956978516580405e-17,2.3237485885620117,0.024758100509643555,1.0340312484253909e-17,0.3367975475847149,0.0,0.0,1.1454077389568809,28.136342763900757
72,30.900010296393802,23.72510097273384,0.0,0.0,False,False,,0.1643835616438356,4.66662866940751,0.0946192741394043,0.31780043516963125,0.00687818044970104,0.006805840699720102,0.0,2.7755575615628914e-17,2.323105573654175,0.04730963706970215,0.0,0.37673571075906526,0.0,0.0,0.3401128311253516,25.21527647972107
73,1000000000.0,23.72510097273384,0.0,0.0,False,True,"Constraints violated: overshoot=0.0010, vel_ratio=0.00",0.17567567567567569,,,,,,,,,,,,,,0.6144870226529546,24.517425775527954
74,27.53402971159414,23.72510097273384,0.0,0.0,False,False,,0.17333333333333334,4.627402402046081,0.05587425953509831,0.2886482937149722,0.0060334516584116624,0.005976550142883005,5.79978299622419e-07,2.7755575615628914e-17,2.304736375808716,0.027922630310058594,0.0,0.35151990862237514,0.0,0.0,0.8784260946932166,28.188849210739136
75,1000000000.0,23.72510097273384,0.0,0.0,False,True,"Constraints violated: overshoot=0.0035, vel_ratio=0.00",0.18421052631578946,,,,,,,,,,,,,,0.24107544962028946,29.218371868133545
76,53.463736117948386,23.72510097273384,0.0,0.0,False,False,,0.18181818181818182,4.654289776648606,0.10184172407003104,0.32545898745156393,0.007782603587673617,0.006730256665258164,0.00041843962971604975,2.989366980140908e-17,2.317049503326416,0.04045987129211426,8.837596215921644e-18,0.46456963420237163,0.0,0.0,0.8151308666291436,30.322680234909058
77,27.047818536111524,23.72510097273384,0.0,0.0,False,False,,0.1794871794871795,4.62452959715736,0.07575225830078196,0.28450330951362834,0.005932517567509052,0.005844830471317322,1.3877787807814457e-17,6.938893903907228e-18,2.303497552871704,0.037876129150390625,3.4181743369001126e-18,0.35140335238535,0.0,0.0,0.540783299892952,26.203927755355835
78,30.42940615811047,23.72510097273384,0.0,0.0,False,False,,0.17721518987341772,4.699820987585684,0.08820724487304757,0.313966039552893,0.006748039459012883,0.006689704856442332,1.3877787807814457e-17,2.7755575615628914e-17,2.3398759365081787,0.04410362243652344,0.0,0.3600873766058478,0.0,0.0,0.30213101744486587,25.54050040245056
79,1000000000.0,23.72510097273384,0.0,0.0,False,True,"Constraints violated: overshoot=0.0040, vel_ratio=0.00",0.1875,,,,,,,,,,,,,,0.44848765760223785,25.394436597824097
80,28.055809363788,23.72510097273384,0.0,0.0,False,False,,0.18518518518518517,4.671284472000833,0.07023191452026582,0.29364769988597017,0.006166479119114972,0.006098997279086398,4.163336342344337e-17,1.8306059388174698e-17,2.326493740081787,0.035115957260131836,1.428999932685845e-17,0.3530449615933145,0.0,0.0,0.5108612430653551,25.182318687438965
81,1000000000.0,23.72510097273384,0.0,0.0,False,True,"Constraints violated: overshoot=0.0020, vel_ratio=0.00",0.1951219512195122,,,,,,,,,,,,,,0.2893528941629795,25.18329095840454
82,32.55548868985246,23.72510097273384,0.0,0.0,False,False,,0.1927710843373494,4.6770692916728445,0.1147489547729506,0.3324741083286383,0.007284722313095177,0.007218554682777654,2.7755575615628914e-17,2.7755575615628914e-17,2.327706813812256,0.05737447738647461,0.0,0.34420940816706824,0.0,0.0,0.5944912756456334,27.77652645111084
83,58.836513637928114,23.72510097273384,0.0,0.0,False,False,,0.19047619047619047,4.649975510925463,0.0756944246368101,0.28741996811639114,0.005491030154910241,0.005433947672582783,0.0005312092604923824,0.0003463512991437171,2.3168368339538574,0.023813724517822266,0.00030130251530929077,0.3641596730603103,0.0,0.0,0.5238525527285813,25.10365653038025
84,35.300226017210505,23.72510097273384,0.0,0.0,False,False,,0.18823529411764706,4.71616008727761,0.11495733261108398,0.3560484849221799,0.007973917151967661,0.007887770232266741,0.0,2.7755575615628914e-17,2.3462483882904053,0.05747866630554199,0.0,0.3476250642423664,0.0,0.0,0.36592540855721134,31.089654207229614
85,28.822703393369693,23.72510097273384,0.0,0.0,False,False,,0.18604651162790697,4.653646972273984,0.09736394882202148,0.2994440696448237,0.006362653219999646,0.006286311975849503,0.0,2.7755575615628914e-17,2.3173940181732178,0.04868197441101074,0.0,0.3800551652567624,0.0,0.0,0.4932996939396536,31.173144102096558
86,22.700856353025998,22.700856353025998,1.0242446197078436,0.043171349234085894,True,False,,0.1839080459770115,4.634422646409078,0.050365447998047604,0.24615294338274812,0.004848714084084635,0.004756565374070834,1.3877787807814457e-17,9.813077866773595e-18,2.3100764751434326,0.025182723999023438,6.374486265790373e-18,0.4840315302157251,0.0,0.0,0.39666921849597586,31.162707090377808
87,1000000000.0,22.700856353025998,0.0,0.0,False,True,"Constraints violated: overshoot=0.0031, vel_ratio=0.00",0.19318181818181818,,,,,,,,,,,,,,0.6388408178566668,28.147858142852783
88,26.57467014852053,22.700856353025998,0.0,0.0,False,False,,0.19101123595505617,4.667465713044194,0.0571603775024421,0.28036769365868514,0.005796808152978252,0.005732386118897965,1.3877787807814457e-17,2.7755575615628914e-17,2.32513427734375,0.028580188751220703,0.0,0.36805439308951865,0.0,0.0,0.573949437987495,29.230390787124634
89,47.40713721083116,22.700856353025998,0.0,0.0,False,False,,0.18888888888888888,4.702673989519449,0.1457642019671625,0.36854890501580584,0.008309540843168671,0.008216883733859327,0.0002155655433494913,2.118393297239924e-11,2.3390116691589355,0.06749296188354492,2.0651962015850672e-10,0.34078628384467763,0.0,0.0,0.46875593704904545,26.131786584854126
90,66.00240448575656,22.700856353025998,0.0,0.0,False,False,,0.18681318681318682,4.673911654892524,0.10509689884719298,0.30488504497360064,0.006488701114689357,0.006430494766420777,0.000732776371108898,2.830524433501838e-17,2.327310085296631,0.03422904014587402,4.446281530659001e-18,0.33918931717377404,0.0,0.0,0.46624966356294484,27.114704132080078
91,35.41605774454822,22.700856353025998,0.0,0.0,False,False,,0.18478260869565216,4.701881805771086,0.2221307754516616,0.3562088362002806,0.007997172953318376,0.00790100617988003,2.7755575615628914e-17,3.043636481661797e-17,2.3390893936157227,0.11106538772583008,9.183830166936037e-18,0.3432016085741742,0.0,0.0,0.5072040565742019,28.2013258934021
92,37.221593689993234,22.700856353025998,0.0,0.0,False,False,,0.1827956989247312,4.715400248981595,0.17649221420288225,0.3719090707175099,0.008446773175077363,0.008361031683643563,2.7755575615628914e-17,2.7755575615628914e-17,2.345158576965332,0.08824610710144043,1.4678429412111444e-18,0.3474787660651006,0.0,0.0,0.5669595293697974,25.102915048599243
93,27.262937877075526,22.700856353025998,0.0,0.0,False,False,,0.18085106382978725,4.634858275504228,0.07525682449340892,0.2868011174863426,0.005971581356037608,0.005909649879176334,1.3877787807814457e-17,1.0927381047259615e-17,2.3085646629333496,0.0376284122467041,6.490109721067457e-18,0.340300689641893,0.0,0.0,0.40286497359008583,26.390647888183594
94,1000000000.0,22.700856353025998,0.0,0.0,False,True,"Constraints violated: overshoot=0.0024, vel_ratio=0.00",0.18947368421052632,,,,,,,,,,,,,,0.5157595615690491,26.109980821609497
95,32.71159171164835,22.700856353025998,0.0,0.0,False,False,,0.1875,4.699346357518285,0.13114356995474344,0.33384165030860846,0.007314853820501535,0.007254062074372953,1.6908696665041134e-13,2.5362582704159622e-17,2.338792085647583,0.06557178497314453,3.797404624028831e-18,0.35778463295679935,0.0,0.0,0.6571531222214151,25.05278205871582
96,50.4401815095226,22.700856353025998,0.0,0.0,False,False,,0.18556701030927836,4.716325261516265,0.11157217695715785,0.3640821410157947,0.008270839196068615,0.008187445773976402,0.0002791196255689382,2.7755575615628914e-17,2.345881462097168,0.04880809783935547,1.3344026738283132e-19,0.33567404579791604,0.0,0.0,0.3653466675495399,24.450254201889038
97,72.23136070691751,22.700856353025998,0.0,0.0,False,False,,0.1836734693877551,4.631261054451756,0.1043131104252815,0.29482559455006596,0.006191302121693382,0.006125669934846437,0.000882153016611098,9.813077866773595e-18,2.3064420223236084,0.03010272979736328,7.007595823747894e-18,0.3684776065532611,0.0,0.0,0.49290048170185247,27.13221764564514
98,1000000000.0,22.700856353025998,0.0,0.0,False,True,"Constraints violated: overshoot=0.0019, vel_ratio=0.00",0.1919191919191919,,,,,,,,,,,,,,0.5644384278257707,28.156925678253174
99,50.93706868595421,22.700856353025998,0.0,0.0,False,False,,0.19,4.721854184614404,0.17886635094297287,0.45427746231876986,0.011745179153429462,0.010254533604378242,5.6329028558094185e-05,2.574551117489664e-05,2.3455452919006348,0.08796358108520508,2.4547468931599427e-05,0.6124543611167673,0.0,0.0,0.9002675528601801,27.221827507019043
100,34.065992561575165,22.700856353025998,0.0,0.0,False,False,,0.18811881188118812,4.687856038961495,0.11341714922174222,0.3457994920731906,0.007661024426070724,0.007594214728701468,1.263307514154377e-11,2.1942709178604383e-17,2.3325366973876953,0.056708574295043945,1.1254885912137524e-16,0.35583624391784335,0.0,0.0,0.9051105159150771,27.274051189422607
101,73.10581722868582,22.700856353025998,0.0,0.0,False,False,,0.18627450980392157,4.626359421423285,0.10369262872090686,0.2583239689582552,0.005144847301882962,0.0050887923807595445,0.0009830589647989857,1.3877787807814457e-17,2.305546522140503,0.027269840240478516,1.0954020861896265e-16,0.34350907267940683,0.0,0.0,0.5897127488294398,29.1212055683136
102,34.553209284819864,22.700856353025998,0.0,0.0,False,False,,0.18446601941747573,4.7013416185999874,0.1692495346069343,0.34891246802312886,0.007773479212429085,0.007706479729048675,1.3877787807814457e-17,2.7755575615628914e-17,2.339111089706421,0.0846247673034668,0.0,0.3557309675211238,0.0,0.0,1.1717232221065004,30.357129096984863
103,31.405108184435605,22.700856353025998,0.0,0.0,False,False,,0.18269230769230768,4.6776087284276215,0.07323789596557617,0.322601681177227,0.007004808305798102,0.006933132813683065,0.0,2.7755575615628914e-17,2.328404664993286,0.036618947982788086,0.0,0.36467756343276225,0.0,0.0,0.5843592036459223,25.85475444793701
104,33.33475051046805,22.700856353025998,0.0,0.0,False,False,,0.18095238095238095,4.679561757641607,0.0812325477600119,0.33906659900051844,0.0074914234307882415,0.007409143314617796,4.163336342344337e-17,2.850863792837907e-17,2.328667163848877,0.04061627388000488,1.1062004774344857e-17,0.3333864955381522,0.0,0.0,0.49666610324216515,25.369526147842407
105,62.1744123176594,22.700856353025998,0.0,0.0,False,False,,0.1792452830188679,4.668432509525692,0.08466600814063804,0.3100213170628421,0.00663008356700693,0.006578536703876519,0.0006448887663283859,2.7755575615628914e-17,2.3243484497070312,0.026210784912109375,0.0,0.37553822896967265,0.0,0.0,0.7189403955412145,28.14286708831787
106,1000000000.0,22.700856353025998,0.0,0.0,False,True,"Constraints violated: overshoot=0.0022, vel_ratio=0.00",0.18691588785046728,,,,,,,,,,,,,,1.1684516905482145,25.183428525924683
107,36.117870239416334,22.700856353025998,0.0,0.0,False,False,,0.18518518518518517,4.6890068806026735,0.29441833496794234,0.3618244651100241,0.008197450442441984,0.008038545873905406,1.4009626791988694e-13,2.7755575615628914e-17,2.3324456214904785,0.14720916748046875,1.3877787807814457e-19,0.5908425131605339,0.0,0.0,1.3015401445482804,25.108819484710693
108,1000000000.0,22.700856353025998,0.0,0.0,False,True,"Constraints violated: overshoot=0.0031, vel_ratio=0.00",0.1926605504587156,,,,,,,,,,,,,,1.277022848633254,28.09830355644226
109,39.50547457924737,22.700856353025998,0.0,0.0,False,False,,0.19090909090909092,4.72047637917508,0.21585559844970847,0.3916309139858607,0.00902026631394098,0.008918361590668122,2.7755575615628914e-17,3.109367832988552e-17,2.346860647201538,0.10792779922485352,1.1404518693550494e-17,0.33738039216532223,0.0,0.0,1.3613292707923859,26.760454654693604
110,30.143076822696962,22.700856353025998,0.0,0.0,False,False,,0.1891891891891892,4.649631187747658,0.11842250823974752,0.3117238376537069,0.006681020517337487,0.0066247534191412475,2.7755575615628914e-17,2.796296760755585e-17,2.314878463745117,0.05921125411987305,9.068653418967863e-18,0.33329604483404124,0.0,0.0,1.4374958391918864,28.106977701187134
111,1000000000.0,22.700856353025998,0.0,0.0,False,True,"Constraints violated: overshoot=0.0038, vel_ratio=0.00",0.19642857142857142,,,,,,,,,,,,,,0.8422508658790858,29.1787531375885
112,25.136260026093396,22.700856353025998,0.0,0.0,False,False,,0.19469026548672566,4.6438250647613435,0.07273674011230613,0.26798446740059706,0.005449489774700127,0.00536505734354345,2.7755575615628914e-17,3.3161815364136985e-17,2.3138649463653564,0.036368370056152344,1.1904965031213381e-17,0.575536199014154,0.0,0.0,0.4850428311526975,25.088369369506836
113,1000000000.0,22.700856353025998,0.0,0.0,False,True,"Constraints violated: overshoot=0.0011, vel_ratio=0.00",0.20175438596491227,,,,,,,,,,,,,,0.4170194532484572,26.378143072128296
114,66.79092268787751,22.700856353025998,0.0,0.0,False,False,,0.2,4.624915528694063,0.09419154652762324,0.25343647039215805,0.005017340725744725,0.0049698910445867515,0.0008666705149030507,2.7755575615628914e-17,2.3050029277801514,0.02542901039123535,0.0,0.4053793132567485,0.0,0.0,0.4278552738628062,27.12208342552185
115,1000000000.0,22.700856353025998,0.0,0.0,False,True,"Constraints violated: overshoot=0.0025, vel_ratio=0.00",0.20689655172413793,,,,,,,,,,,,,,0.3438937759718288,24.627994537353516
116,36.37155174945157,22.700856353025998,0.0,0.0,False,False,,0.20512820512820512,4.66554046494513,0.11459145931498682,0.3239374609668883,0.00707874100972377,0.00697112355877707,9.466846547454e-05,3.3016304283235205e-17,2.3223135471343994,0.05492901802062988,1.0808661658009337e-17,0.3341861987207669,0.0,0.0,0.817330946229955,27.28036904335022
117,1000000000.0,22.700856353025998,0.0,0.0,False,True,"Constraints violated: overshoot=0.0029, vel_ratio=0.00",0.211864406779661,,,,,,,,,,,,,,0.5598122749900938,28.116331577301025
118,1000000000.0,22.700856353025998,0.0,0.0,False,True,"Constraints violated: overshoot=0.0020, vel_ratio=0.00",0.2184873949579832,,,,,,,,,,,,,,0.6778525078547836,28.232243061065674
119,34.707250778167285,22.700856353025998,0.0,0.0,False,False,,0.21666666666666667,4.69349654875245,0.1279985758548055,0.35040579273483363,0.007821220710288582,0.0077487109834827915,1.4012823276732256e-08,1.192682630427899e-16,2.335125207901001,0.06399893760681152,3.723762393599209e-15,0.34013833411045763,0.0,0.0,0.9451982429169872,25.256619215011597
120,1000000000.0,22.700856353025998,0.0,0.0,False,True,"Constraints violated: overshoot=0.0023, vel_ratio=0.00",0.2231404958677686,,,,,,,,,,,,,,1.0131484260669963,28.109381198883057
121,36.12395932957776,22.700856353025998,0.0,0.0,False,False,,0.22131147540983606,4.714381907702237,0.21325969696045036,0.36280406370750273,0.008161846650814908,0.008088023901234188,0.0,2.1942709178604383e-17,2.3450589179992676,0.10662984848022461,2.3023910820202653e-16,0.35127289099990633,0.0,0.0,0.5384071753638172,28.21953535079956
122,1000000000.0,22.700856353025998,0.0,0.0,False,True,"Constraints violated: overshoot=0.0027, vel_ratio=0.00",0.22764227642276422,,,,,,,,,,,,,,0.4428925097045582,27.411689043045044
123,1000000000.0,22.700856353025998,0.0,0.0,False,True,"Constraints violated: overshoot=0.0045, vel_ratio=0.00",0.23387096774193547,,,,,,,,,,,,,,0.8190970378683443,25.566932201385498
124,1000000000.0,22.700856353025998,0.0,0.0,False,True,"Constraints violated: overshoot=0.0035, vel_ratio=0.00",0.24,,,,,,,,,,,,,,0.844144131389932,27.999191761016846
125,30.93526309867575,22.700856353025998,0.0,0.0,False,False,,0.23809523809523808,4.669791388360637,0.09308862686157227,0.31846700503079967,0.006883143227669731,0.006817714322930533,0.0,2.7755575615628914e-17,2.324669122695923,0.04654431343078613,6.870191984066563e-19,0.3603695637241737,0.0,0.0,0.7181981480308316,28.230756759643555
126,43.01175209088331,22.700856353025998,0.0,0.0,False,False,,0.23622047244094488,4.637010709477679,0.06737439804731674,0.2531654806370112,0.00534411804806796,0.004838670635626063,0.00038310388196684253,2.7755575615628914e-17,2.3112473487854004,0.024109601974487305,0.0,0.341132452026878,0.0,0.0,0.6593377266225704,25.153918504714966
127,32.68560014672989,22.700856353025998,0.0,0.0,False,False,,0.234375,4.668942298047348,0.09173889308228556,0.3336908130221815,0.007312516361209098,0.007249781010086148,5.951223878974954e-07,1.2869730969111292e-17,2.323596477508545,0.04585456848144531,1.0476369227467776e-17,0.3391022824740281,0.0,0.0,0.5160034097951423,25.101569414138794
128,1000000000.0,22.700856353025998,0.0,0.0,False,True,"Constraints violated: overshoot=0.0013, vel_ratio=0.00",0.24031007751937986,,,,,,,,,,,,,,0.5311151048445314,28.01953411102295
129,28.823422417973006,22.700856353025998,0.0,0.0,False,False,,0.23846153846153847,4.676102069865286,0.07517194747924874,0.3008752461160433,0.006351764668451306,0.006294696811378069,1.3877787807814457e-17,2.884444029575346e-17,2.328608989715576,0.03758597373962402,1.1102230246251566e-18,0.38622516015719066,0.0,0.0,1.0672766529851685,25.03481888771057
130,74.55491182940459,22.700856353025998,0.0,0.0,False,False,,0.2366412213740458,4.678351568692745,0.13882991632240269,0.2830804161842831,0.00619073950117767,0.005608296233356333,0.0009482997577224678,2.7755575615628914e-17,2.330763339996338,0.04570746421813965,2.610672953945294e-18,0.5981259118610983,0.0,0.0,1.3081711003280803,26.136107683181763
131,29.10316664272936,22.700856353025998,0.0,0.0,False,False,,0.23484848484848486,4.658046904057068,0.08348274230957173,0.3020836421697458,0.006426698904769619,0.0063644060988566785,2.7755575615628914e-17,1.0749688212373146e-17,2.319476842880249,0.041741371154785156,6.772891657402271e-18,0.33129625516952865,0.0,0.0,0.6091477444535192,28.148287773132324
132,31.661943106924642,22.700856353025998,0.0,0.0,False,False,,0.23308270676691728,4.683506288595878,0.07290375540965426,0.3093879914187394,0.00661034500632833,0.0065602588878351875,3.5746159218474904e-05,1.0749688212373146e-17,2.3319127559661865,0.035558223724365234,8.48835564943991e-18,0.36549828176073484,0.0,0.0,0.6544238627701032,28.14282512664795
133,44.74225007112011,22.700856353025998,0.0,0.0,False,False,,0.23134328358208955,4.711680002158405,0.13653017457539451,0.3792064998425021,0.008616250405870107,0.008543990435044517,0.00013684776946198962,1.3877787807814457e-17,2.3430240154266357,0.06484389305114746,2.3908268104551638e-17,0.3211829310310758,0.0,0.0,1.4891203595443845,28.06121277809143
134,1000000000.0,22.700856353025998,0.0,0.0,False,True,"Constraints violated: overshoot=0.0015, vel_ratio=0.00",0.23703703703703705,,,,,,,,,,,,,,1.6756760172681104,31.110222339630127
135,64.72180211994036,22.700856353025998,0.0,0.0,False,False,,0.23529411764705882,4.639999252960307,0.10059135600163757,0.2843552919386599,0.005868011040160397,0.005829924479200823,0.0007565529954630668,8.676474159512148e-10,2.3112547397613525,0.031381845474243164,3.055999580180336e-09,0.35998710087281205,0.0,0.0,1.2590026682214248,27.473697185516357
136,52.7044756222457,22.700856353025998,0.0,0.0,False,False,,0.23357664233576642,4.647116569400586,0.09886059791376416,0.29730380388408134,0.006119710566683873,0.006059457103662082,0.0004967401803533111,2.0799596923767635e-08,2.3144690990448,0.03701162338256836,6.842619237529268e-08,0.39642854337245387,0.0,0.0,1.146616248341994,25.46862292289734
137,34.91017646136439,22.700856353025998,0.0,0.0,False,False,,0.2318840579710145,4.70664290002707,0.1474938392639167,0.3520915876338555,0.007879746556581036,0.007782232137929571,1.3877787807814457e-17,2.7755575615628914e-17,2.3416481018066406,0.07374691963195801,1.3539305178355568e-18,0.3569626275683338,0.0,0.0,0.7571847773977955,31.164344549179077
138,50.39496696253152,22.700856353025998,0.0,0.0,False,False,,0.2302158273381295,4.805922985998617,0.39206457138064504,0.4839908932768286,0.011736474923314665,0.011573791811143621,0.0,3.7212143582632036e-17,2.3856008052825928,0.19603228569030762,5.96087506839862e-15,0.3493490578441227,0.0,0.0,1.2668558047421972,25.366457223892212
139,30.794819570946476,22.700856353025998,0.0,0.0,False,False,,0.22857142857142856,4.63374893567769,0.10255961215305093,0.29059809434604544,0.006111105617831673,0.006008441917791256,6.088348146433831e-05,2.7616449047213608e-17,2.307861804962158,0.04975771903991699,4.625929269271485e-18,0.3444486960652558,0.0,0.0,1.0709916825796986,28.132925748825073
140,1000000000.0,22.700856353025998,0.0,0.0,False,True,"Constraints violated: overshoot=0.0016, vel_ratio=0.00",0.23404255319148937,,,,,,,,,,,,,,1.0332564664697332,24.530153036117554
141,42.542410453318595,22.700856353025998,0.0,0.0,False,False,,0.2323943661971831,4.7254876539168595,0.25015508187177843,0.41749020107779033,0.009790212428903622,0.009657205643185004,2.195907247704021e-09,1.3877787807814457e-17,2.3482580184936523,0.125077486038208,1.4551466827611275e-17,0.344895343530858,0.0,0.0,1.0659326678910233,25.384957551956177
142,1000000000.0,22.700856353025998,0.0,0.0,False,True,"Constraints violated: overshoot=0.0085, vel_ratio=0.00",0.23776223776223776,,,,,,,,,,,,,,1.409160910518571,25.604449033737183
143,33.9996212635699,22.700856353025998,0.0,0.0,False,False,,0.2361111111111111,4.640297950514739,0.060681989261116454,0.2839294440021174,0.006204814055113032,0.006035507125518626,0.00012050013678482907,2.7755575615628914e-17,2.311095714569092,0.0273284912109375,0.0,0.5858494063005658,0.0,0.0,0.7263835550699608,26.43103003501892
144,127.15195621573983,22.700856353025998,0.0,0.0,False,False,,0.23448275862068965,5.182216552038243,0.6164746284484867,1.1525533264270487,0.031109942814909648,0.03040278856597039,0.0,1.3877787807814457e-17,2.545504093170166,0.30823731422424316,7.269317423140906e-17,0.543967406277889,0.0,0.0,0.7174081674768185,25.406187534332275
145,36.51477715401553,22.700856353025998,0.0,0.0,False,False,,0.2328767123287671,4.692468109559857,0.13378190994262695,0.36375986018582407,0.008521178187127365,0.00795203541114706,0.0,2.7755575615628914e-17,2.334306001663208,0.06689095497131348,0.0,0.46246946230984515,0.0,0.0,0.398686194026545,24.747456550598145
146,33.23266949282856,22.700856353025998,0.0,0.0,False,False,,0.23129251700680273,4.650319470228599,0.1197601064766725,0.34207302496913405,0.007452397915973499,0.007391735335802551,2.684289719251387e-07,1.3877787807814457e-17,2.3140721321105957,0.059873342514038086,1.4820938435530002e-17,0.5215975313651969,0.0,0.0,0.5709921677633095,24.60024642944336
147,1000000000.0,22.700856353025998,0.0,0.0,False,True,"Constraints violated: overshoot=0.0027, vel_ratio=0.00",0.23648648648648649,,,,,,,,,,,,,,1.0297138384071676,26.056167602539062
148,35.25768630054134,22.700856353025998,0.0,0.0,False,False,,0.2348993288590604,4.675600932981095,0.14138317108154366,0.3559156237055181,0.007967237863167899,0.007881776142624301,1.3877787807814457e-17,2.7755575615628914e-17,2.3259778022766113,0.07069158554077148,0.0,0.3661617533675982,0.0,0.0,0.6262510092959533,26.752352714538574
149,44.30362989951749,22.700856353025998,0.0,0.0,False,False,,0.23333333333333334,4.665118636451453,0.07161884633460971,0.3126089570090933,0.006730397429089764,0.00665662744385991,0.0002803383524734443,2.7755575615628914e-17,2.3225743770599365,0.02880096435546875,0.0,0.35380162785346564,0.0,0.0,0.4770555327037219,25.53229832649231
