trial,m_pos_min,m_pos_max,k_pos_min,k_pos_max,zeta_pos,adaptive_lambda,adaptive_alpha_pos
0,0.055332536888805156,0.3860757465489678,341.1053504286575,2089.7663659937934,0.7965583595372332,68.13047017599905,24.691424506821164
1,0.0892855270774259,0.4854651042004118,253.37660753031108,2583.450076165329,0.8702264438270331,61.124010498453906,46.65184872316975
0,0.055332536888805156,0.3860757465489678,341.1053504286575,2089.7663659937934,0.7965583595372332,68.13047017599905,24.691424506821164
1,0.0892855270774259,0.4854651042004118,253.37660753031108,2583.450076165329,0.8702264438270331,61.124010498453906,46.65184872316975
2,0.008032569761590808,0.13485171988061628,108.08735897613029,2665.239691095876,1.0447097256648954,88.30109334221372,49.03782540047438
3,0.08011669785745563,0.2845917449011728,412.2116705145822,1236.5488517378665,0.9479447149292666,22.901795866814176,47.51010126723128
4,0.0526629838532571,0.26586477599620945,205.8222448418508,2548.467378868433,0.8193052325515839,61.15905539817837,5.845541019635982
5,0.062145914210511834,0.3448382890889686,346.77359874990276,2887.496157029248,0.9772742093724384,42.35571105164074,24.666437920970367
6,0.07006548839679923,0.12409018865170794,366.7066861782671,2341.2757392363187,0.6472677927516886,21.603366788936796,19.194275791588275
7,0.03700736632331964,0.3280787081671519,275.4406053849282,2976.7476761184525,0.5714313675236197,28.79890804853512,12.258928304824831
8,0.06565772422107445,0.20131664101591284,286.5243091425225,1488.8511840032056,0.6112787085518638,19.933762704787462,34.53483152593731
9,0.014680112183512766,0.1786329446720214,247.49006826438566,2641.9864596958705,0.5679708930551429,85.41504167489235,9.324428355228338
10,0.023458526263132502,0.1112723000297054,309.55940488786894,2054.7528549879853,0.9921397798442586,38.32930496765515,10.243671967444271
11,0.06437816116579531,0.37073602604806477,235.66136963651002,2251.0789700363607,0.6734673255544614,90.79788787470174,16.771151539868065
12,0.06921767489140129,0.2972785542206009,153.876217916731,1927.3230380940702,0.6068031135464977,83.06005890558151,7.526791030380771
13,0.06818018462346057,0.1913427333211834,249.65059774523868,2816.767692595434,0.8713737071564966,95.28876378341931,7.618075638845797
14,0.040978447816947684,0.27032271289864335,154.32793202601385,2335.6990560390636,0.9137437416720481,28.22542094675279,12.61085646189531
15,0.07635442682310474,0.44020157321990105,154.42064945632364,2954.5180052035057,0.7802359907302264,81.27331218605171,5.15073882587846
16,0.08679157911886129,0.4422688034843076,360.40348252887094,2592.4687663345344,0.6186335550143889,99.31761359916115,23.200708671082864
17,0.034831290464299565,0.2646566664065499,220.29999501636775,2996.968990492454,0.9315783110984267,59.60730159230517,9.146437640175538
18,0.04114728818707874,0.24055906177160682,126.17494817887336,2930.6147529043383,1.1283232325502794,54.18391820807584,20.00016624288998
19,0.01295912460132587,0.3765799288839229,232.26253394650033,2282.178895245497,0.8173350197940432,79.22917322850498,8.3256611840407
20,0.05168508214460123,0.20995180721263962,100.59523025842235,1987.7909202955248,1.1280538540454825,73.22811364281297,6.872549040300033
21,0.04495438988421094,0.14394348984010286,106.85033091859577,1517.6480256412415,1.078228968071223,84.53563070975332,9.242455966390736
22,0.04093316827771189,0.14420980034620387,200.74973832893795,1348.368633193207,1.0213050567625959,79.2822282711634,6.403459565039918
23,0.08645952353629677,0.3378057178085849,276.56975070437653,2359.7634813301606,0.9335546742985922,54.329301207657466,7.32604995918475
24,0.08621606662336445,0.30930227033607915,304.36590549204374,1932.3680240629574,1.0197760308296804,46.84706756266364,6.779273408830251
25,0.049046690895392264,0.17395784686857568,131.1478881403467,1207.970618263418,1.125771146544454,91.3663181311624,27.263835862347882
26,0.046286108444204666,0.1888620743424039,144.1659615536992,2015.7507520579052,0.8192237340599724,96.03261053520126,18.815034909525416
27,0.09620654565415274,0.34341563472100783,252.23890449555645,2343.67493085907,1.0859473505351636,92.30532661332103,6.353506838149127
28,0.08383176185147284,0.4279700207672664,361.8791818327434,1982.1686575354865,1.1132421556524965,92.63271607025952,22.699995075470945
29,0.09442400346642872,0.4363909058298269,222.21569528370986,1938.2340272053584,1.0921994493122131,88.97741416014797,6.114925707970629
30,0.08105174873482038,0.33263909454881907,200.2774560445414,2483.7339227723296,1.081786973423702,90.02332622967714,12.905979294669937
31,0.04271255989355139,0.29911373904587124,178.45857592273273,2587.0211223726296,0.731740349011771,58.97757738928951,15.609525768649853
32,0.08161994088166129,0.40084566611938566,293.5866900915462,2426.233369367087,0.7232302493363588,47.762339825925594,10.662673867386452
33,0.09809226324352883,0.3505701058034779,363.895565576102,2430.155480350448,0.9253131655516583,65.68649029857733,12.564646302418819
34,0.09449129766373755,0.2718417976024876,149.2494428425841,2535.335144669436,0.981305235381179,66.39593402099696,6.72737428087473
35,0.047001199256363056,0.3538691054631615,339.34238390402834,2414.9302084496667,0.9855322755244723,61.12698149820166,7.906010899275732
36,0.09959149362493257,0.3527062838178105,311.7026970296261,2371.0136839512343,1.0945920647173693,88.27067885789215,7.363446096462037
37,0.09652496573289336,0.27817580586883284,325.24054193738544,2193.311551073073,1.1638281146628,82.65033625550765,10.368768014760507
38,0.09906952439689906,0.42261890574001776,310.37363028035395,2819.309457598752,1.0219469498152531,82.49513807964388,7.322485716680671
39,0.005457154815938406,0.267391716592863,183.6447317014709,1914.7966521162652,1.1975166947631548,98.78245151708462,15.523484758430847
40,0.04435299437760543,0.1591210809650382,272.4947052315307,2573.5373365763926,0.7781876402813976,58.28467803895649,8.952011043719835
41,0.09384864650940683,0.3298557351524346,315.49724353804737,2337.79634213656,1.1511694982458132,92.25627688155078,14.883301146945845
42,0.09745162519023094,0.38571516690871194,314.7955272191018,2364.64682528877,1.1270400221248489,79.38071209412853,7.830281971005132
43,0.08467136310066169,0.30154056093622844,304.5454971180648,1917.6203092428982,0.9681820733984707,97.88361505867773,9.675397732483319
44,0.09727509408642145,0.20031676389948222,457.5192879537216,2066.026976494384,1.0921861431999074,78.86216928416827,13.93712991858067
45,0.0902110574324834,0.1152879044284221,207.48358910492237,1291.795331042484,1.1011943585489357,71.54196134026888,12.691859520706787
46,0.09214715939956823,0.27493515339227637,288.25331339645993,2990.647071496229,1.1896117356399736,75.31719352350407,5.693460056099564
47,0.07849301594476867,0.2192271213724693,346.40337157646815,2988.0984894666603,1.0921235503926492,81.78869185002014,12.245558404557531
48,0.029319913241280283,0.37315873012803435,378.88716411482596,2606.6247000575454,0.7251507457861487,55.92464271253013,46.40468762843485
49,0.08204231552152465,0.2877946691996751,210.83319861828443,2686.066263881889,1.1239279260326334,86.31611000298136,5.637546659926246
56,0.09561533151517906,0.2524808129933061,302.3100146550588,2874.2755528860457,1.0746070652898314,54.90378560329715,12.793695841400586
57,0.05293877354570926,0.21247273890238078,104.92837117689245,1031.4025749422738,1.0783975728771413,74.05446237031279,11.007195969196365
58,0.0614619122226875,0.24737056674930702,153.01534718342043,1078.7909243396116,0.9343728639499178,86.46523383420468,5.243217241593194
59,0.056394109615907954,0.1267576017098765,162.09060192826504,1901.8768599411173,1.083926377183406,98.7676026385339,7.573419438852717
60,0.03197864404896544,0.24942531895798023,126.98364289913941,1531.7124332510957,0.996620087731741,85.99584115801387,16.740116662396325
61,0.04972194169388733,0.25051163545516114,101.01204817255753,1252.4228041387653,0.9950740598631782,70.00096178995025,10.381844149281694
62,0.06879274833309461,0.2441158145663632,160.16495547275824,1058.7672926731846,0.7344391028528949,65.3144047364155,6.943379765230507
63,0.07404919309989419,0.2820287757653005,109.25534505841058,1046.0275800470326,1.1304643164383001,97.932403457677,5.722663159971614
64,0.0450761205860569,0.31776969671362965,220.24725138123492,1261.721237348252,0.8373597648155005,96.46233794438267,5.190934943260536
65,0.06827183506098479,0.22272175556217466,286.4334724404955,1006.8029987783281,0.8666640174855749,92.7335563340081,9.902434099827278
66,0.07007510674810016,0.2521041918691455,314.2083479976479,1084.4231786739438,0.7525161897880918,90.48865953333927,23.77110393368078
67,0.06942344206317116,0.18777598518641683,291.30663202939047,1304.713307813837,0.9077640633143949,95.67954014921135,12.976676028995303
68,0.04168423984909142,0.3165392259658819,122.8155973927296,2400.682497204287,0.837058415776255,72.42778191762753,6.0132376677436605
69,0.06107089998378537,0.13854620083754454,108.61523355853187,1118.9452049804688,1.0353086657192911,67.16904708207558,10.241248948192643
70,0.04552602766319301,0.10768489531313627,484.37803108090577,1748.164726125617,0.7807572740841674,50.62445541377727,26.127169510179588
71,0.04444404029914921,0.18619859471731598,107.25774078345752,1024.947692428646,1.1443075417949233,75.7255920249179,8.020815539727181
72,0.014784093732754647,0.18435548189040002,108.25632368429586,1071.0921081150643,1.1443708386829554,96.53776423813694,9.342055971823221
73,0.07778120046009573,0.28268108127646363,293.63144925695565,1003.4536272424892,0.855134898065149,89.80330464922575,12.345976725914968
74,0.050494482033580534,0.20444094536913818,313.32518621836726,1134.1217157583767,1.0759759873925423,69.5620594963026,16.090778884551238
75,0.06135320355886274,0.35464818459462033,305.96653277708094,1008.2057991909904,1.0405211189473402,79.52576029529399,11.89487947935781
76,0.07847532437232041,0.28597846140223027,291.91932734011147,1045.2069628787042,0.7838507971105176,79.64410155204165,13.812580857123823
77,0.07683381637315408,0.23645680674808248,355.7645291073485,1097.4904563918697,0.7746335358375913,56.697153527783975,12.21183629363858
78,0.08486045685448798,0.30830100919901493,400.5470313454833,1054.6850964685887,0.803808812389132,82.01490300657434,9.579284234486408
79,0.05583538794320976,0.3100799005074172,314.74226497605514,1176.2184453963428,0.5447219405547848,77.57104797308166,15.065088553409868
80,0.08674825560485565,0.294404818646189,228.45777881384194,1083.7886935886147,0.7481234996137063,81.03232548595876,10.064551611856498
81,0.08657249655571678,0.26124102165231855,245.39745699759078,2927.9832655014566,1.0941358431383204,70.71997827414711,5.507556888169775
82,0.06470170941234388,0.25069748685875826,172.66224125688058,1063.3616995020118,1.159494109178002,60.51120237858324,11.401727946032583
83,0.08990699608069892,0.21479972000653957,306.51050185347043,1135.5650977032656,0.9932591512788017,84.31093176917672,12.715000634137173
84,0.05047037730889002,0.1900023397615182,199.06450365952884,1090.3679451853445,1.173534801102965,91.03970680564638,5.19825758682418
85,0.03115364913066669,0.13886076019098997,122.48781778520767,1512.5401051696265,1.195887197340757,56.870047806752225,8.658370764377507
86,0.029300804203265977,0.19461998432347696,141.52929395060974,1820.6909685492324,0.7585812099693298,45.057254566049544,44.05687481975228
87,0.09085977865614421,0.3541204688101511,219.8800668521767,2314.442540549162,0.9618654310305021,91.47603584702868,7.531577964120376
88,0.08346661949612093,0.29384737421937945,238.01786153676306,1401.1526940434874,0.8654344070610204,93.23322944051365,8.434299584715124
89,0.07695358041044408,0.31786517811876847,322.39827800558163,2838.4406108135763,1.1876102544392406,73.52646060227858,13.470373484701271
90,0.04210013030171275,0.14837183529181913,101.18766798662655,1143.0047818490498,1.1624072074422833,74.05332208393699,12.913634122405234
91,0.0969546307282985,0.34719889149376754,125.93846386935601,1995.780823778978,0.9785370206498111,93.50976269260737,18.532645079244705
92,0.08838127953524168,0.3055175834271668,220.9027971317004,2318.2337547933075,0.8304511957706497,85.67807640888931,5.765834182639761
93,0.08879458688411906,0.38445300527405724,283.1886415344048,2450.10620038163,0.9031837488111948,92.33782522805927,9.972232807857678
94,0.07192643486470261,0.2367829900355238,326.64554013929023,1019.9691311754248,0.6953412439987479,93.37996679919365,7.715656476927272
95,0.010823686518054786,0.36825175227500084,399.31058507246865,1417.7471205296906,0.6516960602371773,14.792203652794683,5.384224078348563
96,0.058956995854705485,0.33803621733379985,447.8863005173682,1011.1151461674283,0.9215023608941727,10.187851236828443,24.616248040601015
97,0.09743535491780796,0.34910297733024737,151.74206242335242,2416.8095121102906,1.1216942329943362,96.67827361656511,5.611585904587645
98,0.09650970471231528,0.3622959952944407,136.1029904111773,1910.946817322174,1.1739552956750188,97.87684841164003,10.635191868510018
99,0.08525912584198231,0.24814681155902382,121.01505575821017,2324.0796744508266,1.1192202848976283,96.36054260360287,5.143037023107384
100,0.08972630224086998,0.378600691940871,180.48906783489716,2601.485776900948,1.1680261684040485,75.00166145166743,6.70670856935822
101,0.09180650788704305,0.39319546093104507,112.48238253571037,2718.945279249831,1.0444247484018652,95.162166557135,9.126383532372284
102,0.07758691821775757,0.38600098295098295,105.06974740189452,2914.6416430037993,0.9994039493677461,92.75283279334023,8.243328204462843
103,0.07487129900739477,0.37711899970200596,122.35622060301382,2483.0730424354933,1.1273885768205785,98.20549750311181,9.346389833528622
104,0.09761174261446717,0.33853489275947735,213.92231930462196,2801.3812872098665,1.088619648823219,98.0891558915809,13.01740748477007
105,0.09455715217089086,0.46707697014451455,138.8150913004034,2744.24970600318,1.094362785072865,99.31370544813174,10.121443093964018
106,0.09369877927483798,0.3731853201715813,219.25356458705352,2254.99032892981,1.0947105341074024,96.13415525949895,12.76815509650556
107,0.034939780895895695,0.24791751384781915,100.97995880795943,1064.4730126221525,1.0478887781532555,55.22376109552471,12.331720748230694
108,0.03155179701698095,0.34049278079097256,124.40120615481874,1027.6113231537313,1.0405547585833737,61.411794369009094,5.801537012470931
109,0.05182578796372196,0.4037431206309208,173.10407145963072,1271.8951991689632,1.0879874363247335,68.82067990184436,5.6255017065552995
110,0.012946809085603972,0.4100659792211273,251.78967999845992,1074.6933393992115,0.9184831386065678,57.80440589583891,6.16180755509289
111,0.006929737755849336,0.40733334045148645,166.71012372949176,1151.5344205788422,0.9850184265909169,47.82752957780872,10.383816568960526
112,0.0046887645478137716,0.3261141904117675,340.20569522116574,1205.6286572017664,0.9338619777407198,70.68637046126224,12.262497743243078
113,0.03267553873640541,0.46696008501323333,231.19812223820202,1192.6093027243012,1.160476666959316,63.67633739027098,10.272906264315768
114,0.06832065212418659,0.43961535406575253,151.12054672930742,1483.8197416810274,1.0450254257654772,71.69675801402713,5.40932806781329
115,0.016905698135669656,0.3202306283136813,142.46545574963523,1070.9852010408663,0.9709544768791303,69.26566950794887,8.657635325076168
116,0.05254469047010275,0.3643733047622235,194.40940032238947,1352.7220895879796,0.9968016200706117,70.46179180762893,12.98259224597385
117,0.015794379266721132,0.31675811966130785,337.8076936930478,1185.7501197415595,1.01288417257745,28.200594371484215,8.194903691065086
118,0.013650526858889792,0.45433325122262974,226.30711084368232,1088.9404766738282,0.7268468802756336,39.48485375018902,7.649773791080357
119,0.009559809212472039,0.30821792637437234,331.17246513648723,1527.0762140428562,1.1614112708637332,44.58014782220435,10.78088418822329
120,0.026326706085430945,0.26357627140822737,138.80725038454165,1098.2673377582187,1.1245708934346226,38.72824929759328,19.80815266176246
