trial,collision_k_rep,collision_normal_damping,collision_tangent_gain,collision_tangent_damping
0,0.00029696607676729615,18.44935542656565,9.438687265003015,2.769927596684795
1,0.00024064465970250712,16.855564600533093,7.126220957677695,4.469687703832191
2,0.0004836482422254632,10.819154932992888,12.084150533157304,2.691585106789232
3,0.00030562005249226953,23.288722680731205,1.9945048147704172,0.5269335685375495
4,5.9098278848146575e-05,21.150256447602573,11.894194513297906,4.363059526409414
5,0.0004903782540047438,20.380646976984643,7.460711071541046,3.924592963803632
6,0.00010322349164101995,16.71818349053305,3.0069460237266497,4.728877693542961
7,0.00028483174478753225,11.537224619782043,4.703778569464777,3.893745078227662
8,0.00025526764949744687,15.073980823978916,1.263057206108972,3.1264139356717977
9,0.00032544307522508963,16.18948192811941,14.212473099204738,3.440919465607069
10,0.0004889124887312958,19.990701288952483,7.101662911214079,3.4867576145895924
11,0.00034052145884640904,6.904972633668968,4.459877408780808,4.804387527988757
12,0.0004813809963824138,15.063421847772762,2.4203703944019175,4.200652523170578
13,8.020513447969509e-05,7.268797174963038,6.306684320405639,3.52803144593263
14,6.82085468019146e-05,5.077776461299788,6.075226345039773,3.690431981660655
15,0.00020298766668675047,8.052203410591035,4.58007905418366,1.2058803346781093
16,0.00027829807203899175,5.9964799486478135,1.008312251864253,1.3247476130880427
17,0.00012906238366173394,9.077829961325504,6.938187600860047,1.020704329961692
18,5.751829216726166e-05,2.430724696521847,1.0658171602663047,0.5177973586349273
19,0.00019883392482641024,7.006547815957146,9.892637047460433,2.5169496282190433
20,0.00014061260792253973,2.612552614038824,14.22291741846076,4.301448149332509
21,0.00034280465809494897,7.5055819862547395,2.066301315764269,1.5377760780096046
22,0.00020242209546310837,8.72833559976094,2.1224396117444675,1.263503123267387
23,0.00018838069519918818,14.566758983385071,2.7714407992883356,0.35263944548436743
24,0.0002816662985732947,13.092740244559486,5.579218110734214,1.8566656392717527
25,0.00013060596271746787,8.650524110368998,2.670943513823871,2.2309131042181356
26,5.0933232672882204e-05,14.780564914835448,6.234132509562732,3.2466181653978565
27,0.0002119471891760262,5.861391182319908,4.7046118670655455,0.9910540772091823
28,0.0003579185432761807,12.260941892772728,6.405042576862528,0.5045243690525221
29,0.00016326198519319468,16.217065049751973,12.30828383313792,1.2763119547363349
30,0.00010450885406177654,2.6019322670656404,6.55650397439872,1.9474809417919001
31,0.0001273021851978515,4.231107678105852,6.814458175319165,2.0806337997097946
32,0.00018925650963381175,10.879258113575164,3.677910879130904,1.517260491408454
33,0.00013614829679429677,12.458047417203352,9.811072155245094,4.571439812772784
34,0.00010047785686151086,2.7432702146006376,7.791540460693525,1.4906225270254325
35,0.00021622686370934458,7.500643795923418,5.308933703646573,2.9014410643452004
36,7.453567091632184e-05,3.4055172609720805,10.401529666178556,2.5695422314158485
37,5.807704396381778e-05,10.366910104989081,5.877088816214788,4.430661880867204
38,0.0003983924902495511,8.798828728781164,12.438717081257668,1.0555177362343844
39,0.0003894901979555145,6.608546021213943,13.17679039809043,4.547097641261358
40,9.996519062713906e-05,19.670459416080792,6.9486199201990155,0.10969220917624067
41,0.00024114930665247592,4.260865595224226,3.262898807422772,0.40152813699142875
42,0.00024179502172811914,2.372271558395635,1.0808516317372232,1.5865329495977423
43,0.00020982720514447687,7.8838715380777495,13.55520878452949,0.17492671123579662
44,0.0002518304041400975,8.051995739817675,12.475343187291475,0.7576614040975054
45,0.0001689492590011627,11.843124190649437,14.914759397818086,0.5625984132113465
46,7.05837545238195e-05,4.241362264241895,11.55262041883287,0.12381864777298768
47,0.0001863460430808748,4.012503815517763,1.7182731359234134,1.3332097883589578
48,0.00020236626089186816,5.789498734304672,12.90918008326669,0.3130177167054712
49,0.000263950926930923,4.382772591217974,1.2200110601628036,2.457821188487471
50,0.00018491607999525524,21.63664683051529,10.405830950984859,2.7205884184808937
51,0.00034305615788245153,22.8169720265276,8.477812081823135,1.1061097195168323
52,9.785160138790303e-05,6.262035246817389,1.1269299257362304,4.0388267886261975
53,6.716590552969382e-05,2.3689867073660342,3.6481581861209547,4.918782478386152
54,0.00014089473473031543,9.6266220575374,2.1656656909848877,4.154540081847404
55,0.00015275991063376916,3.2482248152265636,1.5272593167891597,3.4206582877551535
56,7.664497683887398e-05,6.56436761081592,1.3589225163161875,4.466742847829635
57,0.0004104344722749391,2.6887553889268343,7.215436011000381,2.2272821303061203
58,0.00032060692993763105,4.470756953907357,13.583440940609526,0.1014534225846245
59,0.00026191575782551094,10.204452248314634,3.4233899222137314,0.759182111391923
60,8.772253361708602e-05,9.214821169014336,1.2868304082781306,3.1711384679046195
61,0.00030987658977201557,2.94152766096804,4.141554927045479,2.1219239181348826
62,5.9003031218747216e-05,3.032071530887724,4.663892288036499,1.9993324054318455
63,0.0002576236168496876,2.430749799879046,2.2350212758497277,1.7673756613252942
64,0.0003588342134508614,20.91658295115974,11.538113718213673,4.920636764962891
65,0.0001718625154415519,8.776885668390289,1.6724697335870062,1.1555342281939018
66,0.00029281979142563384,24.34966834470754,2.3580038921527624,2.724894880895535
67,8.788046939908229e-05,10.982145122039622,8.07138093237829,2.371284315338926
68,0.0003632953347463992,2.013408006843602,1.4475245263488825,1.1048022765997925
69,0.00022304608177114201,9.545130208486377,10.106916410965503,0.42878336528797734
70,0.00011284547603471808,5.240746742624148,5.227146887413379,3.119537014942413
71,9.149992758057817e-05,11.74790201175908,3.42994771318823,2.439583570262558
72,6.36482170438409e-05,2.319077879369359,9.475837497485243,4.301735735869332
73,0.00010615421654673073,11.333447873159137,2.246667407140382,3.09994695904884
74,5.4506884116819716e-05,5.8138798170472965,5.456695362507406,3.173893114775813
75,0.0002089804730880712,8.094282896679221,14.952560362455754,1.8829118635479503
76,0.0002277324098172092,3.3904878469209194,14.707741662404052,1.9651944926693983
77,0.00017094940951896187,4.372261279454232,5.533337546806751,1.7797207293421526
78,0.00013440576972784997,6.468311485057243,12.865740861305898,1.338003050081852
79,0.0002726929927439643,7.5746994723781444,12.591098184018554,1.7937598987832826
80,0.0001313027291766994,7.487138247654357,14.773330759401537,2.3867643461680768
81,0.00014580466910249382,6.676237099509159,7.603440518951953,4.116823910751608
82,0.00018027605075702987,3.6090918615970966,8.378377105736082,4.402281283441343
83,5.392193770709935e-05,8.797795577513678,7.85407241508787,3.8452969226138567
84,9.187999249703319e-05,9.938705034451003,7.351653068188609,3.9040181560101743
85,9.781262169394537e-05,8.957074579151355,8.697747199115085,4.007978224996264
86,0.00019083437509698198,8.02700360135367,6.770094916400389,3.9201249208753097
87,0.0004348091568528668,15.94137278603461,1.6981115892537808,1.8345621450623013
88,0.00042128522631998497,15.136398255884151,2.003695037751427,1.9220377714708095
89,0.00046149865464612325,20.385184271030326,3.4372014899102044,1.3747862984555559
90,0.00029837091753854623,8.161773243367053,14.564400972027146,2.938102303178348
91,0.0002708696604391969,11.583013871506251,14.59711109404091,1.359737014540668
92,0.00048133370010340723,21.431948097710894,2.3261021782405376,2.8688406044182297
93,0.0004991664487518433,9.458247764225806,4.954064928083438,1.707163165357042
94,7.502848898211515e-05,11.856732045108542,8.551164983248679,3.6438839499542715
95,0.0003527925532881543,18.243338143936164,1.1649281347556757,1.8894482595745519
96,0.0003698395758364196,15.245896569511942,2.1515917083820115,0.6836851008234959
97,6.421347261722037e-05,23.12042358866649,5.391402322097758,2.5344879371913316
98,0.00014982927677430633,8.93622268215162,6.337169079565315,4.547571334266189
99,0.00017366688250527884,11.498564944771333,14.427951069756505,2.0956133324928445
100,0.0002081958738333023,13.327439123871688,7.799223367321269,3.2461388085625136
101,0.0002642065456172205,7.3100683592529085,6.775473901191626,1.800781081341246
102,0.0003404803181069552,8.8545544357733,7.725584958822536,2.0382664204324397
103,0.00026718586558865606,10.543550259072067,6.048810735853947,1.1493171513270275
104,0.00014703114453625574,6.524858698277907,8.949522541704258,3.1275144136810984
105,0.00031137904605386724,4.641708140028873,7.99515281100198,1.095045632338429
106,0.0004244688854675811,13.950675570709217,1.5903749764123012,3.3539196546498466
107,0.00031175304984517525,24.686049203788873,13.960246995848278,3.2343693019091933
108,0.00016248630192704764,17.609461584494092,14.19210985188327,4.804692206907391
109,7.443053402115543e-05,7.91147529142769,8.870283067563356,4.56219661517443
110,0.00014796292330708394,10.246382089723355,4.987615259639028,1.1641540964961
111,0.00017176250218032315,2.5836619658150117,1.1099950700143655,1.1561510720747898
112,0.00023393461814858293,6.165522684056119,7.5872303278575615,1.3611396774622664
113,0.0001559374930916052,2.0764275451837615,6.242151844691226,0.9397733644848476
114,5.10347242534153e-05,9.78288792931319,9.471671362594767,3.0310214992927333
115,0.00023148275390354027,7.576782816323608,3.2498485809910083,1.7174959008881827
116,0.00020374471753675986,10.759186213445863,12.348957319613273,0.17743969838348067
117,0.0004964821480073875,18.237250070191635,13.14505954148591,3.0225369455177846
118,7.170768011361024e-05,6.234349380532425,2.0188429535671735,3.9094872552375493
119,0.000206612767731187,6.4570781471036405,3.3945788703030377,4.10635481842516
120,9.821237661465721e-05,7.955841416058862,6.599545217604696,3.9896959000956085
121,0.0001320705292205004,5.047527263088086,3.25493654115811,3.92861979017023
122,0.000273999993257936,10.379794195836734,4.767550243498375,2.1175756635835032
123,0.00021850020754779115,8.950548134136358,1.0712794257434437,1.3795829795429506
124,5.269573922695578e-05,8.261857201131612,3.379214562063935,4.17861876243284
125,6.720707856496831e-05,3.9932245782718936,1.0230530134898674,3.783606478158228
126,0.00018787086213949586,7.82916429624444,14.832916349329897,1.1781946111602122
127,7.79233633113158e-05,4.235962804122019,7.013443772038536,1.4061256702599438
128,0.00015721084074521495,7.736189582940008,1.919464664254948,0.20484071655761782
129,0.00026208302651852076,2.6879750113847245,1.1135559695615673,1.3755641920541644
130,0.00042705419139011015,12.545716236363823,1.3640084884529857,1.3055935601325004
131,7.210463607891956e-05,6.652164731231036,7.7762865921426485,3.678664425220381
132,0.000347342396474718,21.096545286544192,13.241121354099107,0.7805297453705269
133,6.385683828619722e-05,7.598016937620382,6.055823107940702,3.4676758770657714
134,5.9087204874512604e-05,13.011536336058162,6.690649889294512,3.7169879082502972
135,0.0001980715789263551,5.968791768609671,13.919057656267952,0.5097159694875035
136,0.00017949754345690958,7.7899730243225,8.898207824725377,4.089473558479647
137,0.00015838771906770473,6.350607777568703,1.7105231117688553,2.6852432092484206
138,0.0004734728033645115,4.621919611091325,1.7418817370184811,4.350619977212838
139,0.00010182834943934634,7.168185345168286,1.8374320408045364,3.5829046791130867
140,0.00012010659687041368,5.322001473695282,1.2949935137107986,3.2329419615573993
141,0.00010060006835679541,12.588029990377734,1.6834433114639922,4.021767377272618
142,0.00013726361060420637,7.056647126550058,1.380441797382991,4.283272105279288
143,0.00014552731896383248,2.8134396846665233,1.3569862382365034,4.843607561548016
144,0.00014644932383589605,6.899007725855631,2.016964036091103,4.558256361877252
145,7.999253624228134e-05,9.821596697602596,1.758160809964335,3.612834993572254
146,0.00014654813584638016,7.167216131552412,1.9329189705438377,3.9154271897560102
147,0.0001339110066490771,8.262434381891943,1.4517143700999724,3.6645900284249775
148,6.688661527655081e-05,10.212363129837133,2.4231717932936294,3.4502366108791493
149,0.00021516295523759012,14.784401170145312,1.1370294913399412,1.8464953672470807
150,0.00020900531892049988,9.20858178664921,1.4480132580715028,4.486603986503448
151,6.066775495375609e-05,5.753927343540408,2.1869887128510306,4.099487815911405
152,0.00038586120650374687,17.523579213771562,8.00930036235564,1.9721850752640573
153,5.7149922625556295e-05,23.59097116329495,1.872696207489378,4.289202865600959
154,0.00010545414380866095,8.735624817427674,1.8123715010056363,4.14655234477298
155,0.00014827110266460943,2.578540643159592,8.711010205538498,2.6565910091283267
156,0.0003109709919852875,4.3774589383556535,6.656956536799079,2.7117176171236563
157,0.0004828463178909857,15.968278260273907,3.392738625581387,1.3833453343888824
158,9.250868456802998e-05,3.7161433180282275,3.766034082162137,3.519869436824569
159,0.00022397947654781701,6.651586605026481,6.009204290327672,1.2836821737269446
160,0.0001713683571799195,9.314813062681136,13.914017245017616,3.8523515420014496
161,0.00034359994908894506,11.793212435845282,10.23758948512375,3.479107246648574
162,0.00018304469976268854,7.764829042958256,7.163498481141723,2.066039352281956
163,7.585754575512027e-05,8.504006965196005,5.9018495320730375,2.373743924411845
164,0.0001230089233395241,11.428583310762544,5.944218137725583,4.138341194368225
165,0.00010076006913439294,8.479403518951095,1.1011551375197568,4.279137569513376
166,0.00040735681070837776,15.231568681455798,2.9549038244723773,2.5752028771364124
167,0.00021807974996562978,6.830611813344793,14.708562727372101,2.167232889689455
168,9.796558094168505e-05,8.252160393843125,4.033908797013924,4.121178807601337
169,0.000221830718661279,11.064577057526538,4.174386908249371,0.5791074057493121
170,0.0003005650882892095,12.33686528240488,13.637062357160577,0.10196333669307577
171,0.000190109838604355,8.33915339442508,1.0225255049386957,3.599816711578214
172,6.0216873437574675e-05,10.74792278810901,2.3615053265069337,2.9999600796068804
173,9.18477694266294e-05,8.213853411401345,1.296282632910734,2.154940139180453
174,0.00014721157185359934,9.22743432400906,4.325717592341663,3.5387480956431396
175,0.00011853270587303024,8.948710144828226,1.5008057718505978,2.893981140873276
176,0.0002273769391607975,2.627778484641958,1.3277200563809057,2.2501436701948476
177,0.00013609769511308583,4.562682217184723,7.087071804024796,4.278175126231628
178,8.344149889515681e-05,10.333531630278028,9.356831618003884,4.336208844479439
179,9.567706916497189e-05,12.264274552375277,1.19873355240692,3.246936998261261
180,0.00012345000336371422,7.097229544737685,6.863372067959343,3.330742323589089
181,0.00031697619929226814,13.17967369717379,2.780355241428496,0.4830550841595629
182,0.00036459476458570734,13.607250853601904,3.3342172186363346,0.9513590633554547
183,5.250286232293623e-05,5.960430801276413,2.3242349593534035,2.920536069650744
184,0.0003675378187893339,14.079819024406316,1.7131521276784276,1.022918028517612
185,0.00022925730781938713,6.294297309104703,14.783179588762652,0.31652085897948595
186,0.00018762148399773144,5.676217121426294,4.135876534366227,1.5568932459271996
187,0.00046808636623569486,15.97182104382938,1.4894338451740048,0.745905969111953
188,0.0002167506165952114,23.460380857956427,7.919019528816604,4.611061395424171
189,0.0003786549700610603,17.816649192615387,3.3417774029576965,0.5703674097344733
190,0.0002885579850562949,2.7822848621342087,3.910534403003388,0.9989276194000859
191,0.00018948513840891013,13.72260570796894,5.410459286670093,1.8723276156425084
192,0.0001528196697375018,11.154321390406484,8.007623669803753,3.6564032572895555
193,9.295274202349742e-05,6.436647982383515,1.0398832659423292,3.495469950105711
194,0.0001060855958206961,11.974957097829328,3.1830402561149698,1.8969646117228849
195,6.261234426264623e-05,3.815624385916589,7.135957587823023,2.463532356644343
196,6.241074931798477e-05,8.415594840749435,6.685494348761065,4.447048015162523
197,0.0004797652231678075,16.07213036221174,1.0010135133057831,1.7137630765530822
198,6.239777759099976e-05,7.197799945466473,2.0178259573857353,3.944024826726162
199,0.00024726217108389075,9.369614151751993,11.103820111801584,1.8690549046395761
200,5.785378046407903e-05,6.63749313343744,9.041730578801152,3.721914650372082
201,5.845042437591462e-05,9.601069332719213,6.487481794686392,3.521116845887217
202,0.0003053882385285061,6.585544109464856,1.7175757604245807,1.4096447742817124
203,0.00024413378237253026,8.11254362249944,1.033735134952813,1.8965106558833948
204,0.00010303229311928889,12.681035860385803,4.425795025320687,2.8248462774743377
205,0.00034519761580108736,5.110334886347506,1.6846111694604151,0.3845250955673827
206,0.00023249554574663128,8.847974579309628,1.4506129132469254,1.1809223185597142
207,0.00022927278488348463,3.581869085712405,1.41395473636873,0.7578477742603109
208,0.00040262295320002054,19.587560020798307,1.7941414973789656,1.5291158844438253
209,0.00010697772238603484,2.7373534721554087,3.583159057059925,1.852775285773354
210,9.638694053811593e-05,8.121394111046273,4.48296758961224,3.3572664617539734
211,5.207612120237293e-05,15.734407195431578,2.652602706906551,2.5813420969445966
212,0.00017321891161839174,9.06780424753834,4.764097298092725,2.409331082185842
213,0.00012950584586010378,7.692535955591961,14.351447973006367,0.10797613251157702
214,6.384220804557511e-05,9.213356582318891,3.964549586062385,3.5391964806969294
215,0.00014568731531853504,2.163015168364047,2.750869328374672,3.9988727338077554
216,7.444997230353244e-05,7.121190998048797,7.2245049381768585,3.1882965623720496
217,0.00033379971083850505,7.61879810631153,2.5328405727543393,2.396288695083064
218,8.260676029521278e-05,10.998838271690357,1.6207360727300686,3.657253055837552
219,0.0002682647357366087,2.4581499396777833,2.764342611803134,1.76052026829951
220,0.00014175350122765419,4.822976519649458,5.675949234067516,3.0708901228274836
221,9.425578873710304e-05,7.276908798858143,2.5108973580496925,3.200426197347085
222,0.00019381387633025146,5.177736827222219,2.1598365417857144,2.9791812401755533
223,0.0001501232426173811,6.626661811682289,8.25948247379758,4.0159145130365435
224,0.00010407754684763835,21.45904692918981,11.522618414310173,0.9782722249539484
225,0.0001824207727644675,9.344263843454467,4.846132154457666,1.0342287968257615
226,0.00014674877500329617,2.512998856528567,1.703777982701887,2.6643373891224447
227,0.00015297090136095367,6.498010524823796,1.1601825621759863,3.6608697542591275
228,0.00010957317463776289,5.312681089670626,1.3274356069361262,4.3075122436382705
229,0.00023695668539362247,4.371144457368462,1.2885728467932167,3.38432688377824
