trial,cost,best_cost_so_far,is_best,safety_fail,fail_reason,min_distance,penetration_depth,force_jitter,velocity_spike,max_force,progress_error,arrival_jitter,final_error,error_at_stop,dynamic_tracking_error
0,16138.212566064614,16138.212566064614,True,False,,0.01909500707324529,0.0,0.13492070860644753,0.1306174040330424,7.3273703212173364,0.0,5.890155689780576e-16,3.393299350021126e-15,0.04483972849970436,0.03419191988077695
1,15852.060052145505,15852.060052145505,True,False,,0.018998984562047495,0.0,0.13403412572940565,0.11784542337510712,7.323628419983131,0.0,8.187720110105504e-16,5.514352771317003e-16,0.04326353914284156,0.034352215472405634
2,15873.131865560208,15852.060052145505,False,False,,0.019214569682130398,0.0,0.1377883459288391,0.12971931787672625,7.332433667134982,0.0,1.3212531916176931e-16,5.718478477751585e-16,0.0433679275877957,0.03407161888516701
3,15967.687955909225,15852.060052145505,False,False,,0.01909808832105019,0.0,0.13411764415719513,0.12978185926252506,7.318869371430188,0.0,9.457977129747755e-16,4.900918380800953e-15,0.04389370320953652,0.03415912413209535
4,15754.938797981467,15754.938797981467,True,False,,0.019285266994816176,0.0,0.06369354071796028,0.11703731446674559,2.9564872164227176,0.0,1.4724006285139833e-16,7.275667581979599e-16,0.04274732830834785,0.03382756254957774
5,15435.151993372532,15435.151993372532,True,False,,0.017857411911786837,0.0,0.13787363729847035,0.42592225919296345,7.324134646111509,0.0,7.139652375559309e-16,5.921947813728037e-16,0.040609274761503805,0.03340440259821662
6,15984.31654671349,15435.151993372532,False,False,,0.01901443957244239,0.0,0.08924949110207923,0.14181001682358996,5.244287346596918,0.0,5.1741069577803796e-17,7.297326834042833e-17,0.043985189142134826,0.0341580232093899
7,15543.49938234651,15435.151993372532,False,False,,0.018986992865741972,0.0,0.13369055637149063,0.24574006029465068,7.320839080799596,0.0,1.0681000519635007e-16,9.705498053981207e-17,0.041410122044832284,0.03384487439917812
8,16059.519604322239,15435.151993372532,False,False,,0.019071023332372535,0.0,0.13471313230657453,0.09989493869570698,7.318824115791199,0.0,6.419718559765023e-17,1.2882604340017235e-16,0.0444328905121049,0.03488466778887702
9,15817.969430904757,15435.151993372532,False,False,,0.01903965334231429,0.0,0.13643090435210825,0.17882860160019967,7.3381536201676445,0.0,9.947857946353071e-16,6.1098195902106105e-15,0.043006799224684505,0.03415830492368965
10,16140.700241210829,15435.151993372532,False,False,,0.019190960566314128,0.0,0.13738028404034944,0.2040438256986969,7.3235742821647785,0.0,7.059122806994226e-16,3.6009207311855404e-15,0.04477103418635853,0.03423630832439627
11,16026.562536031724,15435.151993372532,False,False,,0.01749417261288843,0.0,0.13695340757449403,0.16618915308078402,7.320404844430944,0.0,2.0271759631293301e-16,9.13957870191017e-16,0.044175228669764824,0.0349358744791362
12,18722.643160297266,15435.151993372532,False,False,,0.009306136077910978,0.0,0.2013220008210601,0.4971773931502088,7.3192289136921955,0.0,1.3487161866576539e-14,1.3742559003339622e-14,0.05878581771904795,0.03169439219537767
13,15183.424999753215,15183.424999753215,True,False,,0.018874357445377743,0.0,0.07136614157815711,0.1798887937753353,4.289631724289636,0.0,5.5009060574153726e-17,3.561352831475564e-17,0.03949853824463595,0.034142049884761154
14,16039.375981929581,15183.424999753215,False,False,,0.019665419102815065,0.0,0.05565023849645626,0.10612292956425395,3.042445033395471,0.0,9.283942916898705e-17,3.772567054071667e-16,0.04434018418967821,0.03413572994981276
15,15084.382740394542,15084.382740394542,True,False,,0.018163120923718544,0.0,0.13174049124908643,0.2552200293434613,7.320812299402374,0.0,6.053054650454192e-17,4.3757975889134835e-17,0.03884569322723626,0.034526929060858504
16,15301.251541266618,15084.382740394542,False,False,,0.018458435715784236,0.0,0.1355036128076125,0.4199369794973241,7.318883410878659,0.0,4.83084118073948e-16,4.492308164804988e-16,0.03986652264798671,0.03451488808908686
17,15999.489260267002,15084.382740394542,False,False,,0.01899405437339649,0.0,0.10130994703675755,0.2675596480078089,6.4309832314014335,0.0,2.0897637807769618e-16,1.2619804518180532e-15,0.043925938108408655,0.03424297380000047
18,15916.70196002473,15084.382740394542,False,False,,0.018830394241967332,0.0,0.050847739846181496,0.14007238238015896,3.152671948230116,0.0,6.463220251524851e-17,1.9543406130674682e-16,0.04362354634316755,0.03390675478621869
19,16009.861440401593,15084.382740394542,False,False,,0.019170911666557336,0.0,0.12744235263957393,0.07776497135296304,7.328137811607776,0.0,1.9204851876760018e-16,1.1834215524742172e-15,0.04418761503075623,0.0341656229628615
20,16117.897426516514,15084.382740394542,False,False,,0.01959614908034309,0.0,0.0909432393362632,0.36552965099772877,6.123426363293995,0.0,1.8407457789784421e-16,1.3072421105524897e-16,0.04451052102416765,0.028350549999948762
21,17016.951881386667,15084.382740394542,False,False,,0.019757661502147472,0.0,0.13724406833565397,0.4030384592659045,7.319278096700416,0.0,7.649689718342779e-16,5.219868253483523e-16,0.049424912293144135,0.032997773350638894
22,14913.564995322191,14913.564995322191,True,False,,0.019021863080693167,0.0,0.13018828542820465,0.24339142963042937,7.3192588012197835,0.0,9.707096599552322e-16,4.954737870907849e-15,0.037912240234275224,0.03417405295495839
23,16304.223313807759,14913.564995322191,False,False,,0.01938118260723954,0.0,0.12080802458429575,0.25202747253184554,7.319346816230159,0.0,1.1221489342567853e-16,4.507778485639929e-16,0.04562867026224507,0.03461677086804245
24,15862.517694317548,14913.564995322191,False,False,,0.01939761807014545,0.0,0.13359509667296288,0.14342706927976245,7.321615275789676,0.0,6.076475948534999e-16,3.666799908441365e-15,0.04329663202303151,0.03375876148214885
25,15569.768588340465,14913.564995322191,False,False,,0.018074921410126885,0.0,0.13078786862898856,0.15064015385165558,7.30304067529189,0.0,2.8213992515484497e-15,1.929021665542188e-14,0.04166130448254811,0.034066357279408904
26,16224.410380638295,14913.564995322191,False,False,,0.019405659511591785,0.0,0.0684119959837419,0.15689367930146447,2.910281649652071,0.0,6.572429639176215e-17,1.1746232164130537e-16,0.04530673922821547,0.03439798390001652
27,15903.145214994616,14913.564995322191,False,False,,0.018856014398274643,0.0,0.13080053287409893,0.09471943226057591,7.320748494115485,0.0,8.140324847182654e-17,2.441861887090201e-16,0.043573986880010046,0.03434366349697278
28,15923.365622790476,14913.564995322191,False,False,,0.019115692676182034,0.0,0.1358694280760355,0.22985671093022733,7.322157226326559,0.0,2.451693563627231e-16,1.4516347455964873e-15,0.04353407233479967,0.0344677889366356
29,16155.79733141067,14913.564995322191,False,False,,0.019039802438837333,0.0,0.11598773036013497,0.15668584503215563,7.333636079971921,0.0,2.301944955460863e-16,1.2647290622188243e-15,0.044912004883621015,0.034499896834401245
30,13764.296939910115,13764.296939910115,True,False,,0.01979965696354284,0.0,0.08340847159249865,0.5708093328314005,4.451972441214558,0.0,2.2755699822501386e-15,2.149322386735264e-15,0.03119647206118345,0.03059967875082568
31,15671.477260263211,13764.296939910115,False,False,,0.018554775866943537,0.0,0.12941039840646648,0.2309691902285188,6.957257482236892,0.0,5.615002859166909e-17,4.0492097978721785e-17,0.04213686246354546,0.03417765885899203
32,15512.884521805923,13764.296939910115,False,False,,0.016307129367520046,0.0,0.15233349136706112,0.22639932859904283,7.3200265133683216,0.0,4.1916456319720617e-16,2.3099801641394384e-15,0.04125460874946728,0.034158406613565166
33,15851.758186502113,13764.296939910115,False,False,,0.01904358206117566,0.0,0.10846603065657978,0.10768598277049951,6.700478839071207,0.0,2.6007033246680147e-16,1.307833622819708e-15,0.04328063333129001,0.034283688782930165
34,16117.59207291574,13764.296939910115,False,False,,0.0189795580635842,0.0,0.07929443330180115,0.14208990978777986,5.174498990240198,0.0,1.4441738728380795e-16,7.1661945480684415e-16,0.04472578185625896,0.03456863516645309
35,16242.983324835615,13764.296939910115,False,False,,0.01684683296278596,0.0,0.18562002924429882,0.4736187095944329,7.320929303280756,0.0,1.5558556689764826e-16,1.2194933140089448e-16,0.04503266678047636,0.033098560968744695
36,15356.993513207208,13764.296939910115,False,False,,0.01871020082413195,0.0,0.08764125814137472,0.14531955319513645,4.170788885069691,0.0,3.6118156353673895e-16,2.0980691931268584e-15,0.040497461180730346,0.03400452712957457
37,18656.79213008159,13764.296939910115,False,False,,0.016306331323224777,0.0,0.12454959203164352,0.6434400316193918,5.967814761641836,0.0,9.604144748069432e-15,8.840695060550664e-15,0.05827883797505322,0.03168580864502307
38,18267.171136643152,13764.296939910115,False,False,,0.01598649294308083,0.0,0.13733484977111712,0.5817602399098624,7.334652755491908,0.0,7.419518827319577e-15,6.9488516672368614e-15,0.056180157178827725,0.03152405398244968
39,15702.21090783016,13764.296939910115,False,False,,0.018955661608164583,0.0,0.13583314221473092,0.1068342409226325,7.335547657362365,0.0,1.506443709972554e-16,8.488880594130661e-16,0.042444846903746516,0.03397995986049324
40,15955.41728777851,13764.296939910115,False,False,,0.01981615299427423,0.0,0.08267579654867542,0.13166361031411086,4.247449300651407,0.0,8.632919395147246e-17,2.480824087598884e-16,0.0438406516799827,0.033633473491354565
41,16089.979913609634,13764.296939910115,False,False,,0.019546502531597246,0.0,0.1287311489248689,0.1285336343887854,7.3197672899637505,0.0,1.9847788507820566e-16,7.017412966504074e-16,0.04457477251262493,0.03437757701310888
42,15102.802732542117,13764.296939910115,False,False,,0.017572275328009333,0.0,0.1361128748322703,0.3432535341859426,7.318786647658559,0.0,5.831954155796914e-17,3.890257291932504e-17,0.038849198033628046,0.03449073591025766
43,12920.827438350736,12920.827438350736,True,False,,0.01919570278537781,0.0,0.13454695778594974,0.45333208913824985,7.337277291502923,0.0,6.68004511901231e-17,4.512548649926596e-17,0.026614285047906222,0.03286236401065846
44,15913.537181138807,12920.827438350736,False,False,,0.013241800148299834,0.0,0.1513174396534232,0.11270760914077395,7.332645293914961,0.0,1.0982882231907651e-14,8.891716339255865e-15,0.04362332377006781,0.031231508714040526
45,15590.410678392405,12920.827438350736,False,False,,0.018416901409351392,0.0,0.12709381506479014,0.2767045590844262,7.340957483967945,0.0,2.217340292968342e-16,1.0270919113399098e-15,0.04163644569369887,0.03415485095643925
46,15935.390957723645,12920.827438350736,False,False,,0.019537823616997508,0.0,0.06425741719524501,0.35380328148415574,3.271226514939957,0.0,5.732145366576332e-17,3.9260709378881545e-17,0.04348641495760856,0.03386273819750199
47,16028.51599230512,12920.827438350736,False,False,,0.019408346365522692,0.0,0.1276489528438828,0.16225600220812386,7.311633815170059,0.0,2.8390017429828604e-16,1.6472213203833796e-15,0.044198514294174596,0.033949771269813904
48,16116.992336239255,12920.827438350736,False,False,,0.01932669143600041,0.0,0.1284702944690066,0.15611503183638936,7.33519540983146,0.0,5.742069009504468e-17,3.793262000802618e-17,0.04469270149412388,0.034659546206217945
49,17005.609243375955,12920.827438350736,False,False,,0.018658909183733745,0.0,0.1351089564186273,0.5351788286715704,7.318947067851386,0.0,2.571946751062977e-15,2.2701822500712224e-15,0.04922907409773089,0.030584692228740953
50,18335.8290651543,12920.827438350736,False,False,,0.012917895380313127,0.0,0.17645781617585607,0.14610929227710773,7.3282535039259145,0.0,2.9128497105058374e-15,2.2544052717336736e-15,0.05703028451178613,0.0323331037681227
51,15762.26359330587,12920.827438350736,False,False,,0.01936644744338454,0.0,0.1358697816662759,0.17266910406544772,7.325829467877936,0.0,2.1932740842554923e-15,1.3219480155344097e-14,0.04270113154767849,0.034732604826878816
52,13511.922487395706,12920.827438350736,False,False,,0.019627629302236296,0.0,0.0831253585328522,0.49753749931782726,4.305098911979948,0.0,6.47316026628519e-17,4.1722897538332494e-17,0.029866383027529683,0.03230977465014578
53,15837.52968313107,12920.827438350736,False,False,,0.01878830180579836,0.0,0.060133272134873086,0.31428033679844114,3.6987485930263926,0.0,5.5289344487489287e-17,4.136301690770672e-17,0.04298576002422885,0.0342301478034355
54,15400.03807285495,12920.827438350736,False,False,,0.01891726317477717,0.0,0.11575870117719148,0.17082294146450971,7.074938533333101,0.0,5.189121155581155e-17,3.482877069186983e-17,0.0406986125156147,0.03433529669253428
55,15336.304742654047,12920.827438350736,False,False,,0.01773685516612802,0.0,0.1259078940730335,0.18453606881956613,7.31887850740374,0.0,5.3594742469878525e-17,3.6366216235659005e-17,0.04032781709520236,0.03409505705004817
56,15894.453301470588,12920.827438350736,False,False,,0.019342381693909897,0.0,0.061917748641436725,0.19887570335748095,3.6821000213253874,0.0,5.987562178615585e-17,4.7816536209103276e-17,0.04343128587031547,0.0339508167102256
57,16149.144568488031,12920.827438350736,False,False,,0.01891958775336939,0.0,0.13483099549919186,0.20220444941358737,7.3237170903978726,0.0,2.330630241537348e-16,1.2832872019931956e-15,0.04482218805688776,0.0339682785905116
58,15385.859887026516,12920.827438350736,False,False,,0.01933805226080232,0.0,0.13502876840210412,0.14461567566557876,7.336869119493806,0.0,1.4287500044601582e-16,7.053635090684256e-16,0.04064570289433038,0.03395879249379594
59,16267.068538865295,12920.827438350736,False,False,,0.019552873082716832,0.0,0.13146048112998268,0.2838318299882191,7.319766584685524,0.0,9.655292011504514e-17,3.3463972333909927e-16,0.04538556881711525,0.0343267617303881
60,15197.837818034175,12920.827438350736,False,False,,0.01920112745216762,0.0,0.08338790523719648,0.4429769479000711,4.321840032661369,0.0,6.835770606664317e-17,4.5194111610974714e-17,0.03928334214401262,0.03407144727001725
61,16192.382903877735,12920.827438350736,False,False,,0.01906831549540942,0.0,0.1366083519917185,0.16108821957884825,7.320481953517766,0.0,4.142729291812196e-15,2.6573928243086204e-14,0.04510222555312021,0.034934242799855714
62,15653.39612153278,12920.827438350736,False,False,,0.0188745337412019,0.0,0.08829939905507465,0.5872829436189622,3.1477295460255847,0.0,9.711521688984978e-16,8.55495551344914e-16,0.04166529185636379,0.03177202871059664
63,16038.89030002631,12920.827438350736,False,False,,0.019128157638887394,0.0,0.1334049045188986,0.4301651107571166,7.3191925492297605,0.0,1.213084567799981e-15,7.0020898236314125e-15,0.04395709647579371,0.033909667005822604
64,16476.604784235467,12920.827438350736,False,False,,0.01926587487879427,0.0,0.13647393000637403,0.1551495268261679,7.331943084940228,0.0,5.596167121830701e-16,3.301631062422815e-15,0.04668759275885928,0.03498448577512718
65,15397.498829211141,12920.827438350736,False,False,,0.019866546549156934,0.0,0.11265014090355464,0.09407839863118653,6.84393062279453,0.0,1.2603724908898085e-16,4.1295430278772563e-16,0.04077318245182812,0.033877801110640794
66,15486.1780730598,12920.827438350736,False,False,,0.018886875431728282,0.0,0.13477383032942147,0.08268100584807375,7.319312510528421,0.0,6.685834259706623e-17,4.960189964857554e-17,0.04127211904737538,0.03392175184613623
67,15503.964620812687,12920.827438350736,False,False,,0.01919480285952065,0.0,0.075304507127377,0.09420022620225571,4.355531974836005,0.0,5.584567841254748e-16,3.842869005466516e-15,0.04137529070216554,0.03380702382594678
68,16057.224695930978,12920.827438350736,False,False,,0.01925566307664533,0.0,0.13438427351879245,0.16781549497469306,7.318943727627561,0.0,1.2164881934610987e-16,4.3075211507372143e-16,0.04434869152525023,0.03417790871503684
69,16270.87246922938,12920.827438350736,False,False,,0.019279525581015203,0.0,0.12881585960070474,0.395893456431245,7.328665125676875,0.0,1.4614262443894967e-16,1.0801924018279187e-16,0.04527875630702019,0.03507684969943766
70,15907.31733719831,12920.827438350736,False,False,,0.019527605581898665,0.0,0.07891613239879372,0.07693716211768004,5.0709371171488975,0.0,8.333113087626143e-17,2.432694568663946e-16,0.04363456295819976,0.03376276567886385
71,15256.271067610636,12920.827438350736,False,False,,0.019479346483117353,0.0,0.08412335926965074,0.15108621321703344,4.202074224184259,0.0,4.524087740472006e-16,2.522448769359441e-15,0.03993531221951456,0.03349145749103304
72,15510.956810686075,12920.827438350736,False,False,,0.018524804115939618,0.0,0.07461382713483368,0.2312609362539557,3.7641351452245067,0.0,5.966711953507613e-17,4.976242359565831e-17,0.041259162280399664,0.03432472160659251
73,16267.007121690516,12920.827438350736,False,False,,0.01904422251642483,0.0,0.09020337380861872,0.29342127120252354,5.352289244854367,0.0,5.162813926989687e-16,2.963879594160139e-15,0.04538469704794934,0.03456723012859211
74,16007.694448213439,12920.827438350736,False,False,,0.019325889402122782,0.0,0.04973571718024964,0.17420262120198546,2.6624197940404546,0.0,1.0193921713804623e-16,3.020221158304555e-16,0.04409026303685715,0.03411979147972404
75,15073.388063618466,12920.827438350736,False,False,,0.017908963556322793,0.0,0.13562988112786475,0.11435198210032957,7.341211975675803,0.0,1.5806001085572596e-16,1.0834651984597626e-16,0.038944808714038506,0.033670604615050954
76,17659.735395696276,12920.827438350736,False,False,,0.017125037903783842,0.0,0.136019604756232,0.4139826122326754,7.340967320863197,0.0,1.3414206829312155e-15,1.1859534693512434e-15,0.052973054502154365,0.034988082623933284
77,22091.23826835735,12920.827438350736,False,False,,0.01681845525554923,0.0,0.1626378854520408,0.10718886930596427,7.32427150540263,0.0,9.811901458616659e-17,1.724154299831783e-16,0.07789773133026441,0.04007696077594613
78,16027.370173812998,12920.827438350736,False,False,,0.019533621360637732,0.0,0.09574509214912244,0.0929717346609292,5.944546570648322,0.0,7.859831709581996e-17,1.8451979710258563e-16,0.04427618612838853,0.03427506916340827
79,16463.567032914467,12920.827438350736,False,False,,0.015264084638964342,0.0,0.1363792291550687,0.5904051398366335,7.336151411970319,0.0,4.7440049160496154e-15,4.4205469921027625e-15,0.04613975367399302,0.03351138216988628
80,15895.258637729123,12920.827438350736,False,False,,0.019036247615766826,0.0,0.10255620909343158,0.12938233075143651,6.505832952709983,0.0,1.173464983535038e-16,4.970606352079949e-16,0.04350068962787318,0.03413022810696966
81,15086.270618396426,12920.827438350736,False,False,,0.018498373609390276,0.0,0.12737748186765588,0.18256394761054437,7.31530466105006,0.0,5.06133439747725e-16,3.390339040997017e-16,0.038940881687841516,0.034030250969382565
82,15874.70447180042,12920.827438350736,False,False,,0.01951785556025184,0.0,0.12028252665731633,0.11087566254202164,7.315409605651726,0.0,2.311760789741421e-16,1.248817697583726e-15,0.04340100458115401,0.034334388351381355
83,13202.23027490287,12920.827438350736,False,False,,0.01564086978161303,0.0,0.12858444162597077,0.4610273497374753,5.3197936194042255,0.0,5.855372220839806e-16,4.741424324537403e-16,0.028167788751740752,0.03339360756064785
84,15080.459258505423,12920.827438350736,False,False,,0.01724080419428678,0.0,0.15186108166439513,0.6667390308508914,4.994935754653078,0.0,8.435338108688023e-16,5.063508479322077e-15,0.03838563368981418,0.03010433408529458
85,17638.01913676456,12920.827438350736,False,False,,0.016755436184118646,0.0,0.1534705000307731,0.1610082042808822,7.3324179773510485,0.0,2.699453337029094e-16,8.799068905431498e-16,0.05309230409600166,0.041529233626496236
86,15706.185814865847,12920.827438350736,False,False,,0.019156284134035462,0.0,0.12321554977129123,0.14607587361199728,7.323049888973103,0.0,1.2844541336314028e-16,6.999551784391716e-16,0.042427304211827624,0.033895104525885754
87,15053.607760198996,12920.827438350736,False,False,,0.01827946460275228,0.0,0.13784738838320532,0.33295846188090816,7.318976394797775,0.0,5.654900784062075e-17,3.2931120243625727e-17,0.0385917306475025,0.033612181853194666
88,15936.603550328475,12920.827438350736,False,False,,0.019188502434100942,0.0,0.1362977977351553,0.07360607387842717,7.318789785772882,0.0,1.153380970172591e-16,4.449845509989538e-16,0.04378370000233563,0.03400144524559764
89,16005.869815786753,12920.827438350736,False,False,,0.019579894838848304,0.0,0.14971938197723203,0.14410615531428028,7.319910427202939,0.0,6.821586613823105e-17,1.2937385081363872e-16,0.044083941281167285,0.03445318501491278
90,15879.015954614431,12920.827438350736,False,False,,0.017303445782767424,0.0,0.13602970683493246,0.3965395374802974,7.340251459870611,0.0,1.1836251687458208e-16,8.854923962534515e-17,0.04310759029497975,0.03354030868025243
91,16225.977478079914,12920.827438350736,False,False,,0.01942884514755095,0.0,0.13228670694617573,0.1455240979042482,7.341470725832668,0.0,8.611725422330579e-17,1.4947437897984874e-16,0.04530355081350322,0.0356191767211609
92,15495.503167507464,12920.827438350736,False,False,,0.019024684769464433,0.0,0.13688769378246446,0.1198492456282369,7.319272059158676,0.0,1.252188697826799e-16,4.906206160292052e-16,0.04127937937544697,0.03440064611221627
93,16923.05222238406,12920.827438350736,False,False,,0.019595100957738268,0.0,0.13770207121686884,0.49071817170393406,7.321277454109834,0.0,6.914028065301718e-16,6.075387106976551e-16,0.04880479123935001,0.03316106139931898
94,15736.408749515618,12920.827438350736,False,False,,0.01907713622018013,0.0,0.08017878403613612,0.5037079710855816,3.8422359190824036,0.0,1.138902389260995e-16,3.629363182321807e-16,0.042208876746682264,0.03406040169386773
95,16027.22436041888,12920.827438350736,False,False,,0.01944617403008451,0.0,0.13567005988517553,0.10788147791048619,7.318895398513129,0.0,1.415551698172953e-16,4.41640188472213e-16,0.044248061150639034,0.03421355472747106
96,15239.01043188127,12920.827438350736,False,False,,0.012145260075826001,0.0,0.1790135950961787,0.3736791478456069,7.319253053458148,0.0,6.903465577766074e-17,4.388625105458208e-17,0.039561569202587604,0.034241466091561285
97,16228.723715706525,12920.827438350736,False,False,,0.019161536123215018,0.0,0.07014065227227492,0.1693198741134988,3.368195483701029,0.0,7.735957099043316e-17,1.0104480796016539e-16,0.04531440275790931,0.034760211846523816
98,16149.703412345,12920.827438350736,False,False,,0.018856588870573374,0.0,0.1171909512665881,0.24709132874446657,7.316909586009223,0.0,8.361040866061968e-16,4.229529738138189e-15,0.044779193793436506,0.03417071621403801
99,16917.415351496733,12920.827438350736,False,False,,0.013428917935989396,0.0,0.20576091177964448,0.20394256049569748,7.014164265357389,0.0,5.673501170045313e-17,3.505493154051833e-17,0.04902215604587281,0.042350705551497975
100,15950.748893539216,12920.827438350736,False,False,,0.018937340514065825,0.0,0.13255334607974958,0.26098472745129075,7.324677196547268,0.0,1.917824698441074e-16,1.0011701771980734e-15,0.0436514675934568,0.03466011392270792
101,14261.67724190776,12920.827438350736,False,False,,0.012341585830833663,0.0,0.1380850135375636,0.3482234354689028,7.323029786615694,0.0,6.521953920859701e-17,3.9984517347267394e-17,0.03417486691043957,0.03365226025797083
102,15932.58295436432,12920.827438350736,False,False,,0.019017219289112822,0.0,0.13760294511245844,0.16469772874492616,7.324509792696001,0.0,1.5148537297142319e-15,8.371109177437537e-15,0.0436567706528348,0.03454454384913648
103,17120.613525535708,12920.827438350736,False,False,,0.0195352898067722,0.0,0.13017176721377274,0.5859477858262868,7.322587419490458,0.0,2.7439186709311794e-15,2.3833298249816417e-15,0.04980501018375336,0.032013546933720265
104,16233.509993662768,12920.827438350736,False,False,,0.019169696050452985,0.0,0.11306480388305824,0.06877931598162357,6.945329459516087,0.0,1.4681401053596345e-07,4.047643884354297e-08,0.04542957815004889,0.03675439639752218
105,15815.694368794815,12920.827438350736,False,False,,0.019457010959083844,0.0,0.13520049753878616,0.267628466718185,7.324711521338026,0.0,4.1497877662600603e-16,2.576672936946639e-15,0.042890980888287966,0.03503209068231606
106,16000.867830875486,12920.827438350736,False,False,,0.008704416092439224,0.0,0.22577364060378616,0.5133489906114841,7.318881281474054,0.0,5.680238381492823e-17,3.759128930466246e-17,0.0436403591643926,0.03164470113232416
107,15746.347270663427,12920.827438350736,False,False,,0.01346283701263408,0.0,0.15979709886957166,0.14132266340727856,7.336634695362469,0.0,1.2315355289824806e-14,1.0646644915148165e-14,0.042657439595574304,0.031753755833163616
108,19487.634750335244,12920.827438350736,False,False,,0.016814514831679422,0.0,0.1363926270220752,0.5303186770470593,7.338367976271226,0.0,4.379005321863366e-15,3.878379099357213e-15,0.06301324759880518,0.032366815789100264
109,15797.867593251249,12920.827438350736,False,False,,0.019907723354898422,0.0,0.06161707829289616,0.09138098615240109,3.1589743613724224,0.0,1.1210736119078578e-16,2.0246865258685594e-16,0.04301303568065444,0.03416411958830762
110,16044.107756655027,12920.827438350736,False,False,,0.019054245142116157,0.0,0.11525839487137444,0.10151631646400597,7.1620036103721265,0.0,7.342320918381769e-17,1.4856058095906296e-16,0.04435427953958487,0.034271256493367146
111,16064.735073270094,12920.827438350736,False,False,,0.019088372870453087,0.0,0.12207582099867657,0.13207220999482253,7.318701970678464,0.0,7.535156460313795e-17,2.207421588200908e-16,0.04443233755706,0.034396079950381436
112,16119.017271636356,12920.827438350736,False,False,,0.01945790526433757,0.0,0.129680350392197,0.14142712905044807,7.324215552655304,0.0,4.769093818182888e-16,3.352083143804084e-15,0.04472209069164819,0.03427150380987686
113,16080.007648637185,12920.827438350736,False,False,,0.01907133812027039,0.0,0.11283792996715114,0.1553137725454209,7.322042834043432,0.0,1.3398114087177351e-15,6.976023879234096e-15,0.044493718211206,0.03443371961239351
114,15842.370172722069,12920.827438350736,False,False,,0.019452269410550747,0.0,0.05330342370940789,0.09256213045734091,2.452586051575046,0.0,6.632667218773734e-17,1.7446361815538174e-16,0.04326143497232127,0.03413428042729138
115,16085.578011694666,12920.827438350736,False,False,,0.018751607268153943,0.0,0.13270474749347935,0.09395410383346492,7.3196333338805575,0.0,8.686780863761135e-17,1.775817896184413e-16,0.04458866574805381,0.03419211890359778
116,16204.146020133929,12920.827438350736,False,False,,0.019328101698008096,0.0,0.1267490454881012,0.11563375803790171,7.333881480442985,0.0,5.830758534986736e-17,1.4237245262508668e-16,0.04522474858334642,0.03422707124957726
117,16388.76157664302,12920.827438350736,False,False,,0.019127890510084452,0.0,0.13678783847021164,0.124658029570508,7.335651196353417,0.0,2.1203700261750378e-16,1.1758562587129391e-15,0.04623363630628828,0.03493604367347569
118,14681.38380474629,12920.827438350736,False,False,,0.018398350386717544,0.0,0.07329200018000508,0.32773613442476984,4.320698045486892,0.0,5.655174640438948e-17,3.909363755011785e-17,0.03654679620989916,0.03374866007047767
119,15776.036318016086,12920.827438350736,False,False,,0.018968796711702124,0.0,0.13181249846106416,0.10364563623477008,7.319440481806837,0.0,2.018858483520061e-16,1.1191705457117737e-15,0.042856480755887744,0.034550029786243275
120,1000000000.0,12920.827438350736,False,True,"Command '['python3', '/home/vinbui/vinh_ws/src/thesis_project/robot_planning/scripts/run_collision_trial.py', '--ros-args', '-p', 'trial_index:=120', '-p', 'duration:=15.0']' returned non-zero exit status 1.",,,,,,,,,,
121,16147.175514675237,12920.827438350736,False,False,,0.019263577497290185,0.0,0.10808436160059706,0.23957998127987204,6.184003499211093,0.0,1.1719020740320117e-16,3.947101043943507e-16,0.04477115598252737,0.03504722348428284
122,19265.72970366994,12920.827438350736,False,False,,0.01362746489915362,0.0,0.18141673847394307,0.5317349096451605,7.320779121100493,0.0,6.018996897540015e-14,6.683263250177181e-14,0.061773908647787104,0.031008328205830826
123,15865.103816696166,12920.827438350736,False,False,,0.019108847919827553,0.0,0.12991046277543727,0.10252986499706723,7.318767886917943,0.0,2.8411600975049794e-16,1.6142679059847967e-15,0.043353975109605966,0.0343868008288487
124,15466.735754265243,12920.827438350736,False,False,,0.018489456760862773,0.0,0.06405694951106142,0.1654458721894037,3.1396608703775466,0.0,9.977723807093079e-17,1.3289590178873976e-16,0.04109353341601964,0.03360771746825677
125,15897.581932538857,12920.827438350736,False,False,,0.019387552855979935,0.0,0.05256984744270678,0.12023648518343127,3.2043450013550556,0.0,3.345802451996172e-16,1.608179963466078e-15,0.04353798676904326,0.034068524702182926
126,15966.587993492947,12920.827438350736,False,False,,0.019096548682535786,0.0,0.12604353477000693,0.08175696330560508,7.340360768297453,0.0,9.428775418335521e-17,3.930964081376281e-16,0.04394139301023246,0.034483682251464864
127,16127.15075168381,12920.827438350736,False,False,,0.019244917550619946,0.0,0.06603583546735317,0.16038471568952126,3.8288422990713467,0.0,5.060546948816444e-17,5.596172875748557e-17,0.04476463953716865,0.03413690008217089
128,15978.318631086087,12920.827438350736,False,False,,0.019563472897164313,0.0,0.12545723599429015,0.2296956693604309,6.752466306747567,0.0,3.071848300656179e-16,9.878461685017019e-16,0.04381314543080375,0.03974045786955732
129,1000000000.0,12920.827438350736,False,True,"Command '['ros2', 'service', 'call', '/pose_following/stop', 'std_srvs/srv/Trigger', '{}']' timed out after 4.999963212001603 seconds",,,,,,,,,,
130,1000000000.0,12920.827438350736,False,True,"Command '['ros2', 'service', 'call', '/pose_following/stop', 'std_srvs/srv/Trigger', '{}']' timed out after 4.999965633000102 seconds",,,,,,,,,,
131,1000000000.0,12920.827438350736,False,True,"Command '['ros2', 'service', 'call', '/pose_following/stop', 'std_srvs/srv/Trigger', '{}']' timed out after 4.999965046999932 seconds",,,,,,,,,,
132,16033.075268045031,12920.827438350736,False,False,,0.01896814767564901,0.0,0.13583675346722798,0.12544760533195376,7.3357117114625146,0.0,8.837444140917766e-17,7.039325263042728e-17,0.044260905096616204,0.03423099191434901
133,15332.348671440248,12920.827438350736,False,False,,0.016965091567986593,0.0,0.11554387193611015,0.14738005444950442,5.357253544107997,0.0,5.625273693526388e-16,2.7247476804684828e-15,0.04034951643129153,0.03418250932095603
134,16550.855650019806,12920.827438350736,False,False,,0.018027036274881374,0.0,0.0910932731874943,0.14847819129979228,4.464125431792784,0.0,8.402895220117907e-17,2.0915808767491788e-16,0.04711777511213548,0.03540582791607079
135,16590.749992683974,12920.827438350736,False,False,,0.018245149450745624,0.0,0.12938931320498392,0.5383880175722915,7.338249466694021,0.0,4.672130467727506e-14,3.571365977049481e-14,0.04691721266716245,0.0315046434126586
136,15779.199799988455,12920.827438350736,False,False,,0.01914225936990052,0.0,0.11934164331366144,0.11290080847321962,7.32633163230125,0.0,7.646544082457685e-16,4.59053482361252e-15,0.04287032083409879,0.033994805990187234
137,16099.809055931531,12920.827438350736,False,False,,0.01928992711387144,0.0,0.11334264267463479,0.25114038177049625,7.215927625722326,0.0,5.60534535006732e-17,1.26269608803996e-16,0.04449735733055517,0.03438952794376064
138,16130.64049446279,12920.827438350736,False,False,,0.019219007340071467,0.0,0.1364773083692811,0.18494416776140457,7.31906044558704,0.0,2.2365990392264087e-16,7.945374777051018e-16,0.0447357999651178,0.034383801770799936
139,14810.985366043024,12920.827438350736,False,False,,0.019480405330852015,0.0,0.07910067566567981,0.38234810699811933,4.623914718060581,0.0,8.02086935356188e-17,6.111740988209678e-17,0.03720854481700232,0.033022643799683865
140,15550.978460558372,12920.827438350736,False,False,,0.019788242105312288,0.0,0.07965830865116484,0.11019593818914342,5.06781086456472,0.0,1.323651312042579e-16,5.984910874469387e-16,0.041616101292235474,0.03405812488557446
141,15384.586789603818,12920.827438350736,False,False,,0.01860094894622621,0.0,0.10104116070567161,0.1369514898782906,5.639338424489969,0.0,2.7319154507150115e-16,1.4844756248617013e-15,0.04065714728176004,0.03385792287601424
142,14907.625664965952,12920.827438350736,False,False,,0.019617955144294746,0.0,0.09568154565627526,0.19073760017948854,5.939721651239362,0.0,8.173358165142949e-17,5.8763042103716e-17,0.03794748725197872,0.034146362291060064
143,16206.177534003138,12920.827438350736,False,False,,0.018855980968548028,0.0,0.11742052617423296,0.17993850402229544,7.293858188924114,0.0,9.214449615054061e-17,2.929755203871941e-16,0.04516798460697209,0.034081577634973464
144,16086.5014070743,12920.827438350736,False,False,,0.019236481924989477,0.0,0.11054491326481578,0.09951271832321054,6.820609554770945,0.0,3.015496691581535e-16,1.601708798815529e-15,0.044590302474765406,0.03481717228858284
145,14283.113574810406,12920.827438350736,False,False,,0.019175549977976596,0.0,0.08301508641210621,0.20174085501734204,3.96696554299447,0.0,6.139473689627233e-17,3.9933104652287293e-17,0.034474724263121564,0.03316428212444111
146,15813.345672087293,12920.827438350736,False,False,,0.018813126248575895,0.0,0.11872425896420527,0.11137626933084854,7.3157919965373095,0.0,2.325541145142011e-15,1.5404344466674047e-15,0.04306224074553318,0.03393087107657577
147,16300.846734969353,12920.827438350736,False,False,,0.018795927562140734,0.0,0.118053311666482,0.16508429603493258,6.926983354593536,0.0,1.9610127084582905e-16,1.5803792579621405e-16,0.04570594887936155,0.034856411893932515
148,1000000000.0,12920.827438350736,False,True,Velocity safety exceeded,,,,,,,,,,
149,1000000000.0,12920.827438350736,False,True,"Command '['ros2', 'service', 'call', '/pose_following/stop', 'std_srvs/srv/Trigger', '{}']' timed out after 4.9999119429999155 seconds",,,,,,,,,,
150,1000000000.0,12920.827438350736,False,True,"Command '['ros2', 'service', 'call', '/pose_following/stop', 'std_srvs/srv/Trigger', '{}']' timed out after 4.9999102750000475 seconds",,,,,,,,,,
151,1000000000.0,12920.827438350736,False,True,"Command '['ros2', 'service', 'call', '/pose_following/stop', 'std_srvs/srv/Trigger', '{}']' timed out after 4.999924562999922 seconds",,,,,,,,,,
152,1000000000.0,12920.827438350736,False,True,"Command '['ros2', 'service', 'call', '/pose_following/stop', 'std_srvs/srv/Trigger', '{}']' timed out after 4.999962959999948 seconds",,,,,,,,,,
153,1000000000.0,12920.827438350736,False,True,"Command '['ros2', 'service', 'call', '/pose_following/stop', 'std_srvs/srv/Trigger', '{}']' timed out after 4.999920992000057 seconds",,,,,,,,,,
154,1000000000.0,12920.827438350736,False,True,"Command '['ros2', 'service', 'call', '/pose_following/stop', 'std_srvs/srv/Trigger', '{}']' timed out after 4.999929350000002 seconds",,,,,,,,,,
155,1000000000.0,12920.827438350736,False,True,"Command '['ros2', 'service', 'call', '/pose_following/stop', 'std_srvs/srv/Trigger', '{}']' timed out after 4.999924307000015 seconds",,,,,,,,,,
156,1000000000.0,12920.827438350736,False,True,"Command '['ros2', 'service', 'call', '/pose_following/stop', 'std_srvs/srv/Trigger', '{}']' timed out after 4.999924340000007 seconds",,,,,,,,,,
157,1000000000.0,12920.827438350736,False,True,"Command '['ros2', 'service', 'call', '/pose_following/stop', 'std_srvs/srv/Trigger', '{}']' timed out after 4.999917880999988 seconds",,,,,,,,,,
158,1000000000.0,12920.827438350736,False,True,"Command '['ros2', 'service', 'call', '/pose_following/stop', 'std_srvs/srv/Trigger', '{}']' timed out after 4.999963302999959 seconds",,,,,,,,,,
159,1000000000.0,12920.827438350736,False,True,"Command '['ros2', 'service', 'call', '/pose_following/stop', 'std_srvs/srv/Trigger', '{}']' timed out after 4.999908481000034 seconds",,,,,,,,,,
160,1000000000.0,12920.827438350736,False,True,"Command '['ros2', 'service', 'call', '/pose_following/stop', 'std_srvs/srv/Trigger', '{}']' timed out after 4.999929048000013 seconds",,,,,,,,,,
161,1000000000.0,12920.827438350736,False,True,"Command '['ros2', 'service', 'call', '/pose_following/stop', 'std_srvs/srv/Trigger', '{}']' timed out after 4.99992814899997 seconds",,,,,,,,,,
162,1000000000.0,12920.827438350736,False,True,"Command '['ros2', 'service', 'call', '/pose_following/stop', 'std_srvs/srv/Trigger', '{}']' timed out after 4.999913077999963 seconds",,,,,,,,,,
163,1000000000.0,12920.827438350736,False,True,"Command '['ros2', 'service', 'call', '/pose_following/stop', 'std_srvs/srv/Trigger', '{}']' timed out after 4.999920735000046 seconds",,,,,,,,,,
164,1000000000.0,12920.827438350736,False,True,"Command '['ros2', 'service', 'call', '/pose_following/stop', 'std_srvs/srv/Trigger', '{}']' timed out after 4.999913416000027 seconds",,,,,,,,,,
165,1000000000.0,12920.827438350736,False,True,"Command '['ros2', 'service', 'call', '/pose_following/stop', 'std_srvs/srv/Trigger', '{}']' timed out after 4.999924724000039 seconds",,,,,,,,,,
166,1000000000.0,12920.827438350736,False,True,"Command '['ros2', 'service', 'call', '/pose_following/stop', 'std_srvs/srv/Trigger', '{}']' timed out after 4.999922204000086 seconds",,,,,,,,,,
167,1000000000.0,12920.827438350736,False,True,"Command '['ros2', 'service', 'call', '/pose_following/stop', 'std_srvs/srv/Trigger', '{}']' timed out after 4.99992432199997 seconds",,,,,,,,,,
168,1000000000.0,12920.827438350736,False,True,"Command '['ros2', 'service', 'call', '/pose_following/stop', 'std_srvs/srv/Trigger', '{}']' timed out after 4.999925170000097 seconds",,,,,,,,,,
169,1000000000.0,12920.827438350736,False,True,"Command '['ros2', 'service', 'call', '/pose_following/stop', 'std_srvs/srv/Trigger', '{}']' timed out after 4.999921142999938 seconds",,,,,,,,,,
170,1000000000.0,12920.827438350736,False,True,"Command '['ros2', 'service', 'call', '/pose_following/stop', 'std_srvs/srv/Trigger', '{}']' timed out after 4.999917814000128 seconds",,,,,,,,,,
171,1000000000.0,12920.827438350736,False,True,"Command '['ros2', 'service', 'call', '/pose_following/stop', 'std_srvs/srv/Trigger', '{}']' timed out after 4.999922698999853 seconds",,,,,,,,,,
172,1000000000.0,12920.827438350736,False,True,"Command '['ros2', 'service', 'call', '/pose_following/stop', 'std_srvs/srv/Trigger', '{}']' timed out after 4.999915730999874 seconds",,,,,,,,,,
173,1000000000.0,12920.827438350736,False,True,"Command '['ros2', 'service', 'call', '/pose_following/stop', 'std_srvs/srv/Trigger', '{}']' timed out after 4.999912451 seconds",,,,,,,,,,
174,1000000000.0,12920.827438350736,False,True,"Command '['ros2', 'service', 'call', '/pose_following/stop', 'std_srvs/srv/Trigger', '{}']' timed out after 4.999916830999837 seconds",,,,,,,,,,
175,1000000000.0,12920.827438350736,False,True,"Command '['ros2', 'service', 'call', '/pose_following/stop', 'std_srvs/srv/Trigger', '{}']' timed out after 4.999952588999804 seconds",,,,,,,,,,
176,1000000000.0,12920.827438350736,False,True,"Command '['ros2', 'service', 'call', '/pose_following/stop', 'std_srvs/srv/Trigger', '{}']' timed out after 4.999921516000086 seconds",,,,,,,,,,
177,1000000000.0,12920.827438350736,False,True,"Command '['ros2', 'service', 'call', '/pose_following/stop', 'std_srvs/srv/Trigger', '{}']' timed out after 4.9999308640001345 seconds",,,,,,,,,,
178,1000000000.0,12920.827438350736,False,True,"Command '['ros2', 'service', 'call', '/pose_following/stop', 'std_srvs/srv/Trigger', '{}']' timed out after 4.999914153999953 seconds",,,,,,,,,,
179,1000000000.0,12920.827438350736,False,True,"Command '['ros2', 'service', 'call', '/pose_following/stop', 'std_srvs/srv/Trigger', '{}']' timed out after 4.999910785999873 seconds",,,,,,,,,,
180,1000000000.0,12920.827438350736,False,True,"Command '['ros2', 'service', 'call', '/pose_following/stop', 'std_srvs/srv/Trigger', '{}']' timed out after 4.999915563000059 seconds",,,,,,,,,,
181,1000000000.0,12920.827438350736,False,True,"Command '['ros2', 'service', 'call', '/pose_following/stop', 'std_srvs/srv/Trigger', '{}']' timed out after 4.999928812000007 seconds",,,,,,,,,,
182,1000000000.0,12920.827438350736,False,True,"Command '['ros2', 'service', 'call', '/pose_following/stop', 'std_srvs/srv/Trigger', '{}']' timed out after 4.999965366000197 seconds",,,,,,,,,,
183,1000000000.0,12920.827438350736,False,True,"Command '['ros2', 'service', 'call', '/pose_following/stop', 'std_srvs/srv/Trigger', '{}']' timed out after 4.999928359000023 seconds",,,,,,,,,,
184,1000000000.0,12920.827438350736,False,True,"Command '['ros2', 'service', 'call', '/pose_following/stop', 'std_srvs/srv/Trigger', '{}']' timed out after 4.999906865999947 seconds",,,,,,,,,,
185,1000000000.0,12920.827438350736,False,True,"Command '['ros2', 'service', 'call', '/pose_following/stop', 'std_srvs/srv/Trigger', '{}']' timed out after 4.999915693000048 seconds",,,,,,,,,,
186,1000000000.0,12920.827438350736,False,True,"Command '['ros2', 'service', 'call', '/pose_following/stop', 'std_srvs/srv/Trigger', '{}']' timed out after 4.999964903999853 seconds",,,,,,,,,,
187,1000000000.0,12920.827438350736,False,True,"Command '['ros2', 'service', 'call', '/pose_following/stop', 'std_srvs/srv/Trigger', '{}']' timed out after 4.999929870999949 seconds",,,,,,,,,,
188,1000000000.0,12920.827438350736,False,True,"Command '['ros2', 'service', 'call', '/pose_following/stop', 'std_srvs/srv/Trigger', '{}']' timed out after 4.999960421999958 seconds",,,,,,,,,,
189,1000000000.0,12920.827438350736,False,True,"Command '['ros2', 'service', 'call', '/pose_following/stop', 'std_srvs/srv/Trigger', '{}']' timed out after 4.999929952000002 seconds",,,,,,,,,,
190,1000000000.0,12920.827438350736,False,True,"Command '['ros2', 'service', 'call', '/pose_following/stop', 'std_srvs/srv/Trigger', '{}']' timed out after 4.999912472999995 seconds",,,,,,,,,,
191,1000000000.0,12920.827438350736,False,True,"Command '['ros2', 'service', 'call', '/pose_following/stop', 'std_srvs/srv/Trigger', '{}']' timed out after 4.99993004199996 seconds",,,,,,,,,,
192,1000000000.0,12920.827438350736,False,True,"Command '['ros2', 'service', 'call', '/pose_following/stop', 'std_srvs/srv/Trigger', '{}']' timed out after 4.999931942999865 seconds",,,,,,,,,,
193,1000000000.0,12920.827438350736,False,True,"Command '['ros2', 'service', 'call', '/pose_following/stop', 'std_srvs/srv/Trigger', '{}']' timed out after 4.999929199000007 seconds",,,,,,,,,,
194,1000000000.0,12920.827438350736,False,True,"Command '['ros2', 'service', 'call', '/pose_following/stop', 'std_srvs/srv/Trigger', '{}']' timed out after 4.9999296109999705 seconds",,,,,,,,,,
195,1000000000.0,12920.827438350736,False,True,"Command '['ros2', 'service', 'call', '/pose_following/stop', 'std_srvs/srv/Trigger', '{}']' timed out after 4.999925810999912 seconds",,,,,,,,,,
196,1000000000.0,12920.827438350736,False,True,"Command '['ros2', 'service', 'call', '/pose_following/stop', 'std_srvs/srv/Trigger', '{}']' timed out after 4.999927151000065 seconds",,,,,,,,,,
197,1000000000.0,12920.827438350736,False,True,"Command '['ros2', 'service', 'call', '/pose_following/stop', 'std_srvs/srv/Trigger', '{}']' timed out after 4.999935730000061 seconds",,,,,,,,,,
198,1000000000.0,12920.827438350736,False,True,"Command '['ros2', 'service', 'call', '/pose_following/stop', 'std_srvs/srv/Trigger', '{}']' timed out after 4.999932125999976 seconds",,,,,,,,,,
199,1000000000.0,12920.827438350736,False,True,"Command '['ros2', 'service', 'call', '/pose_following/stop', 'std_srvs/srv/Trigger', '{}']' timed out after 4.999927286999991 seconds",,,,,,,,,,
200,1000000000.0,12920.827438350736,False,True,"Command '['ros2', 'service', 'call', '/pose_following/stop', 'std_srvs/srv/Trigger', '{}']' timed out after 4.999891099000024 seconds",,,,,,,,,,
201,1000000000.0,12920.827438350736,False,True,"Command '['ros2', 'service', 'call', '/pose_following/stop', 'std_srvs/srv/Trigger', '{}']' timed out after 4.999913742999979 seconds",,,,,,,,,,
202,1000000000.0,12920.827438350736,False,True,"Command '['ros2', 'service', 'call', '/pose_following/stop', 'std_srvs/srv/Trigger', '{}']' timed out after 4.999963019999996 seconds",,,,,,,,,,
203,1000000000.0,12920.827438350736,False,True,"Command '['ros2', 'service', 'call', '/pose_following/stop', 'std_srvs/srv/Trigger', '{}']' timed out after 4.9999143659999845 seconds",,,,,,,,,,
204,1000000000.0,12920.827438350736,False,True,"Command '['ros2', 'service', 'call', '/pose_following/stop', 'std_srvs/srv/Trigger', '{}']' timed out after 4.99992161199998 seconds",,,,,,,,,,
205,1000000000.0,12920.827438350736,False,True,"Command '['ros2', 'service', 'call', '/pose_following/stop', 'std_srvs/srv/Trigger', '{}']' timed out after 4.999924629000134 seconds",,,,,,,,,,
206,1000000000.0,12920.827438350736,False,True,"Command '['ros2', 'service', 'call', '/pose_following/stop', 'std_srvs/srv/Trigger', '{}']' timed out after 4.999919661999911 seconds",,,,,,,,,,
207,1000000000.0,12920.827438350736,False,True,"Command '['ros2', 'service', 'call', '/pose_following/stop', 'std_srvs/srv/Trigger', '{}']' timed out after 4.999915073000011 seconds",,,,,,,,,,
208,1000000000.0,12920.827438350736,False,True,"Command '['ros2', 'service', 'call', '/pose_following/stop', 'std_srvs/srv/Trigger', '{}']' timed out after 4.9999612869999055 seconds",,,,,,,,,,
209,1000000000.0,12920.827438350736,False,True,"Command '['ros2', 'service', 'call', '/pose_following/stop', 'std_srvs/srv/Trigger', '{}']' timed out after 4.999931451000066 seconds",,,,,,,,,,
210,1000000000.0,12920.827438350736,False,True,"Command '['ros2', 'service', 'call', '/pose_following/stop', 'std_srvs/srv/Trigger', '{}']' timed out after 4.999954417000026 seconds",,,,,,,,,,
211,1000000000.0,12920.827438350736,False,True,"Command '['ros2', 'service', 'call', '/pose_following/stop', 'std_srvs/srv/Trigger', '{}']' timed out after 4.999933384000087 seconds",,,,,,,,,,
212,1000000000.0,12920.827438350736,False,True,"Command '['ros2', 'service', 'call', '/pose_following/stop', 'std_srvs/srv/Trigger', '{}']' timed out after 4.999963467000271 seconds",,,,,,,,,,
213,1000000000.0,12920.827438350736,False,True,"Command '['ros2', 'service', 'call', '/pose_following/stop', 'std_srvs/srv/Trigger', '{}']' timed out after 4.999929347000034 seconds",,,,,,,,,,
214,1000000000.0,12920.827438350736,False,True,"Command '['ros2', 'service', 'call', '/pose_following/stop', 'std_srvs/srv/Trigger', '{}']' timed out after 4.999966078000398 seconds",,,,,,,,,,
215,1000000000.0,12920.827438350736,False,True,"Command '['ros2', 'service', 'call', '/pose_following/stop', 'std_srvs/srv/Trigger', '{}']' timed out after 4.99992537900016 seconds",,,,,,,,,,
216,1000000000.0,12920.827438350736,False,True,"Command '['ros2', 'service', 'call', '/pose_following/stop', 'std_srvs/srv/Trigger', '{}']' timed out after 4.9999109949999365 seconds",,,,,,,,,,
217,1000000000.0,12920.827438350736,False,True,"Command '['ros2', 'service', 'call', '/pose_following/stop', 'std_srvs/srv/Trigger', '{}']' timed out after 4.999955654000132 seconds",,,,,,,,,,
218,1000000000.0,12920.827438350736,False,True,"Command '['ros2', 'service', 'call', '/pose_following/stop', 'std_srvs/srv/Trigger', '{}']' timed out after 4.999928267000087 seconds",,,,,,,,,,
219,1000000000.0,12920.827438350736,False,True,"Command '['ros2', 'service', 'call', '/pose_following/stop', 'std_srvs/srv/Trigger', '{}']' timed out after 4.999918543999684 seconds",,,,,,,,,,
220,1000000000.0,12920.827438350736,False,True,"Command '['ros2', 'service', 'call', '/pose_following/stop', 'std_srvs/srv/Trigger', '{}']' timed out after 4.999918422000064 seconds",,,,,,,,,,
221,1000000000.0,12920.827438350736,False,True,"Command '['ros2', 'service', 'call', '/pose_following/stop', 'std_srvs/srv/Trigger', '{}']' timed out after 4.999927569000192 seconds",,,,,,,,,,
222,1000000000.0,12920.827438350736,False,True,"Command '['ros2', 'service', 'call', '/pose_following/stop', 'std_srvs/srv/Trigger', '{}']' timed out after 4.99991821399999 seconds",,,,,,,,,,
223,1000000000.0,12920.827438350736,False,True,"Command '['ros2', 'service', 'call', '/pose_following/stop', 'std_srvs/srv/Trigger', '{}']' timed out after 4.999958780999805 seconds",,,,,,,,,,
224,1000000000.0,12920.827438350736,False,True,"Command '['ros2', 'service', 'call', '/pose_following/stop', 'std_srvs/srv/Trigger', '{}']' timed out after 4.999926754000171 seconds",,,,,,,,,,
225,1000000000.0,12920.827438350736,False,True,"Command '['ros2', 'service', 'call', '/pose_following/stop', 'std_srvs/srv/Trigger', '{}']' timed out after 4.9999162730000535 seconds",,,,,,,,,,
226,1000000000.0,12920.827438350736,False,True,"Command '['ros2', 'service', 'call', '/pose_following/stop', 'std_srvs/srv/Trigger', '{}']' timed out after 4.999925606000033 seconds",,,,,,,,,,
227,1000000000.0,12920.827438350736,False,True,"Command '['ros2', 'service', 'call', '/pose_following/stop', 'std_srvs/srv/Trigger', '{}']' timed out after 4.999928638000256 seconds",,,,,,,,,,
228,1000000000.0,12920.827438350736,False,True,"Command '['ros2', 'service', 'call', '/pose_following/stop', 'std_srvs/srv/Trigger', '{}']' timed out after 4.999918871999853 seconds",,,,,,,,,,
229,1000000000.0,12920.827438350736,False,True,"Command '['ros2', 'service', 'call', '/pose_following/stop', 'std_srvs/srv/Trigger', '{}']' timed out after 4.9999625539999215 seconds",,,,,,,,,,
